seq	trim_left	trim_right	primer_type
S-11658_oECA306_H09_robyn.tanny@northwestern.edu_03_SEQ1679327A_010320D	22	262	robyn.tanny@northwestern.edu_03_SEQ1679327A_010320D
S-11692_oECA306_F11_robyn.tanny@northwestern.edu_03_SEQ1679327A_010320D	23	263	robyn.tanny@northwestern.edu_03_SEQ1679327A_010320D
S-11709_oECA306_B12_robyn.tanny@northwestern.edu_03_SEQ1679327A_010320D	16	186	robyn.tanny@northwestern.edu_03_SEQ1679327A_010320D
S-11659_oECA306_A10_robyn.tanny@northwestern.edu_03_SEQ1679327A_010320D	29	224	robyn.tanny@northwestern.edu_03_SEQ1679327A_010320D
S-11183_oECA306_G03_robyn.tanny@northwestern.edu_03_SEQ1679327A_010320D	15	237	robyn.tanny@northwestern.edu_03_SEQ1679327A_010320D
S-11694_oECA306_G11_robyn.tanny@northwestern.edu_03_SEQ1679327A_010320D	16	241	robyn.tanny@northwestern.edu_03_SEQ1679327A_010320D
S-11655_oECA306_F09_robyn.tanny@northwestern.edu_03_SEQ1679327A_010320D	8	143	robyn.tanny@northwestern.edu_03_SEQ1679327A_010320D
S-11664_oECA306_E10_robyn.tanny@northwestern.edu_03_SEQ1679327A_010320D	25	58	robyn.tanny@northwestern.edu_03_SEQ1679327A_010320D
S-11667_oECA306_H10_robyn.tanny@northwestern.edu_03_SEQ1679327A_010320D	40	22	robyn.tanny@northwestern.edu_03_SEQ1679327A_010320D
S-11035_oECA306_D01_robyn.tanny@northwestern.edu_03_SEQ1679327A_010320D	25	81	robyn.tanny@northwestern.edu_03_SEQ1679327A_010320D
S-11638_oECA306_A08_robyn.tanny@northwestern.edu_03_SEQ1679327A_010320D	15	228	robyn.tanny@northwestern.edu_03_SEQ1679327A_010320D
S-11191_oECA306_H03_robyn.tanny@northwestern.edu_03_SEQ1679327A_010320D	26	295	robyn.tanny@northwestern.edu_03_SEQ1679327A_010320D
S-11182_oECA306_F03_robyn.tanny@northwestern.edu_03_SEQ1679327A_010320D	22	291	robyn.tanny@northwestern.edu_03_SEQ1679327A_010320D
S-11256_oECA306_A06_robyn.tanny@northwestern.edu_03_SEQ1679327A_010320D	26	212	robyn.tanny@northwestern.edu_03_SEQ1679327A_010320D
S-11645_oECA306_G08_robyn.tanny@northwestern.edu_03_SEQ1679327A_010320D	20	293	robyn.tanny@northwestern.edu_03_SEQ1679327A_010320D
S-11708_oECA306_A12_robyn.tanny@northwestern.edu_03_SEQ1679327A_010320D	26	93	robyn.tanny@northwestern.edu_03_SEQ1679327A_010320D
S-11675_oECA306_A11_robyn.tanny@northwestern.edu_03_SEQ1679327A_010320D	23	178	robyn.tanny@northwestern.edu_03_SEQ1679327A_010320D
S-11072_oECA306_F01_robyn.tanny@northwestern.edu_03_SEQ1679327A_010320D	19	121	robyn.tanny@northwestern.edu_03_SEQ1679327A_010320D
S-11192_oECA306_A04_robyn.tanny@northwestern.edu_03_SEQ1679327A_010320D	18	284	robyn.tanny@northwestern.edu_03_SEQ1679327A_010320D
S-11232_oECA306_B05_robyn.tanny@northwestern.edu_03_SEQ1679327A_010320D	18	301	robyn.tanny@northwestern.edu_03_SEQ1679327A_010320D
S-11710_oECA306_C12_robyn.tanny@northwestern.edu_03_SEQ1679327A_010320D	26	117	robyn.tanny@northwestern.edu_03_SEQ1679327A_010320D
S-11642_oECA306_D08_robyn.tanny@northwestern.edu_03_SEQ1679327A_010320D	20	317	robyn.tanny@northwestern.edu_03_SEQ1679327A_010320D
S-11647_oECA306_H08_robyn.tanny@northwestern.edu_03_SEQ1679327A_010320D	42	277	robyn.tanny@northwestern.edu_03_SEQ1679327A_010320D
S-11663_oECA306_D10_robyn.tanny@northwestern.edu_03_SEQ1679327A_010320D	23	89	robyn.tanny@northwestern.edu_03_SEQ1679327A_010320D
S-11258_oECA306_C06_robyn.tanny@northwestern.edu_03_SEQ1679327A_010320D	26	212	robyn.tanny@northwestern.edu_03_SEQ1679327A_010320D
S-11234_oECA306_C05_robyn.tanny@northwestern.edu_03_SEQ1679327A_010320D	26	225	robyn.tanny@northwestern.edu_03_SEQ1679327A_010320D
S-11148_oECA306_A03_robyn.tanny@northwestern.edu_03_SEQ1679327A_010320D	22	115	robyn.tanny@northwestern.edu_03_SEQ1679327A_010320D
S-11683_oECA306_C11_robyn.tanny@northwestern.edu_03_SEQ1679327A_010320D	28	136	robyn.tanny@northwestern.edu_03_SEQ1679327A_010320D
S-11711_oECA306_D12_robyn.tanny@northwestern.edu_03_SEQ1679327A_010320D	25	10	robyn.tanny@northwestern.edu_03_SEQ1679327A_010320D
S-11235_oECA306_D05_robyn.tanny@northwestern.edu_03_SEQ1679327A_010320D	25	208	robyn.tanny@northwestern.edu_03_SEQ1679327A_010320D
S-11259_oECA306_D06_robyn.tanny@northwestern.edu_03_SEQ1679327A_010320D	29	267	robyn.tanny@northwestern.edu_03_SEQ1679327A_010320D
S-11310_oECA306_E07_robyn.tanny@northwestern.edu_03_SEQ1679327A_010320D	24	257	robyn.tanny@northwestern.edu_03_SEQ1679327A_010320D
S-11313_oECA306_H07_robyn.tanny@northwestern.edu_03_SEQ1679327A_010320D	32	95	robyn.tanny@northwestern.edu_03_SEQ1679327A_010320D
S-11230_oECA306_H04_robyn.tanny@northwestern.edu_03_SEQ1679327A_010320D	30	310	robyn.tanny@northwestern.edu_03_SEQ1679327A_010320D
S-11705_oECA306_H11_robyn.tanny@northwestern.edu_03_SEQ1679327A_010320D	34	174	robyn.tanny@northwestern.edu_03_SEQ1679327A_010320D
S-11653_oECA306_D09_robyn.tanny@northwestern.edu_03_SEQ1679327A_010320D	35	21	robyn.tanny@northwestern.edu_03_SEQ1679327A_010320D
S-11016_oECA306_C01_robyn.tanny@northwestern.edu_03_SEQ1679327A_010320D	21	131	robyn.tanny@northwestern.edu_03_SEQ1679327A_010320D
S-11643_oECA306_E08_robyn.tanny@northwestern.edu_03_SEQ1679327A_010320D	27	57	robyn.tanny@northwestern.edu_03_SEQ1679327A_010320D
S-11311_oECA306_F07_robyn.tanny@northwestern.edu_03_SEQ1679327A_010320D	32	216	robyn.tanny@northwestern.edu_03_SEQ1679327A_010320D
S-11228_oECA306_G04_robyn.tanny@northwestern.edu_03_SEQ1679327A_010320D	25	165	robyn.tanny@northwestern.edu_03_SEQ1679327A_010320D
S-11212_oECA306_C04_robyn.tanny@northwestern.edu_03_SEQ1679327A_010320D	30	263	robyn.tanny@northwestern.edu_03_SEQ1679327A_010320D
S-11074_oECA306_H01_robyn.tanny@northwestern.edu_03_SEQ1679327A_010320D	27	51	robyn.tanny@northwestern.edu_03_SEQ1679327A_010320D
S-11128_oECA306_D02_robyn.tanny@northwestern.edu_03_SEQ1679327A_010320D	27	212	robyn.tanny@northwestern.edu_03_SEQ1679327A_010320D
S-11719_oECA306_H12_robyn.tanny@northwestern.edu_03_SEQ1679327A_010320D	26	50	robyn.tanny@northwestern.edu_03_SEQ1679327A_010320D
S-11715_oECA306_G12_robyn.tanny@northwestern.edu_03_SEQ1679327A_010320D	32	99	robyn.tanny@northwestern.edu_03_SEQ1679327A_010320D
S-11312_oECA306_G07_robyn.tanny@northwestern.edu_03_SEQ1679327A_010320D	36	74	robyn.tanny@northwestern.edu_03_SEQ1679327A_010320D
S-11213_oECA306_D04_robyn.tanny@northwestern.edu_03_SEQ1679327A_010320D	16	12	robyn.tanny@northwestern.edu_03_SEQ1679327A_010320D
S-11690_oECA306_E11_robyn.tanny@northwestern.edu_03_SEQ1679327A_010320D	28	239	robyn.tanny@northwestern.edu_03_SEQ1679327A_010320D
S-11260_oECA306_E06_robyn.tanny@northwestern.edu_03_SEQ1679327A_010320D	20	209	robyn.tanny@northwestern.edu_03_SEQ1679327A_010320D
S-11015_oECA306_B01_robyn.tanny@northwestern.edu_03_SEQ1679327A_010320D	33	66	robyn.tanny@northwestern.edu_03_SEQ1679327A_010320D
S-11641_oECA306_C08_robyn.tanny@northwestern.edu_03_SEQ1679327A_010320D	25	110	robyn.tanny@northwestern.edu_03_SEQ1679327A_010320D
S-11231_oECA306_A05_robyn.tanny@northwestern.edu_03_SEQ1679327A_010320D	41	2	robyn.tanny@northwestern.edu_03_SEQ1679327A_010320D
S-11288_oECA306_B07_robyn.tanny@northwestern.edu_03_SEQ1679327A_010320D	29	179	robyn.tanny@northwestern.edu_03_SEQ1679327A_010320D
S-11176_oECA306_B03_robyn.tanny@northwestern.edu_03_SEQ1679327A_010320D	29	181	robyn.tanny@northwestern.edu_03_SEQ1679327A_010320D
S-11640_oECA306_B08_robyn.tanny@northwestern.edu_03_SEQ1679327A_010320D	32	194	robyn.tanny@northwestern.edu_03_SEQ1679327A_010320D
S-11712_oECA306_E12_robyn.tanny@northwestern.edu_03_SEQ1679327A_010320D	29	101	robyn.tanny@northwestern.edu_03_SEQ1679327A_010320D
S-11145_oECA306_G02_robyn.tanny@northwestern.edu_03_SEQ1679327A_010320D	25	59	robyn.tanny@northwestern.edu_03_SEQ1679327A_010320D
S-11037_oECA306_E01_robyn.tanny@northwestern.edu_03_SEQ1679327A_010320D	15	83	robyn.tanny@northwestern.edu_03_SEQ1679327A_010320D
S-11129_oECA306_E02_robyn.tanny@northwestern.edu_03_SEQ1679327A_010320D	14	78	robyn.tanny@northwestern.edu_03_SEQ1679327A_010320D
S-11650_oECA306_C09_robyn.tanny@northwestern.edu_03_SEQ1679327A_010320D	22	243	robyn.tanny@northwestern.edu_03_SEQ1679327A_010320D
S-11298_oECA306_C07_robyn.tanny@northwestern.edu_03_SEQ1679327A_010320D	26	187	robyn.tanny@northwestern.edu_03_SEQ1679327A_010320D
S-11714_oECA306_F12_robyn.tanny@northwestern.edu_03_SEQ1679327A_010320D	28	8	robyn.tanny@northwestern.edu_03_SEQ1679327A_010320D
S-11657_oECA306_G09_robyn.tanny@northwestern.edu_03_SEQ1679327A_010320D	20	252	robyn.tanny@northwestern.edu_03_SEQ1679327A_010320D
S-11677_oECA306_B11_robyn.tanny@northwestern.edu_03_SEQ1679327A_010320D	37	212	robyn.tanny@northwestern.edu_03_SEQ1679327A_010320D
S-11660_oECA306_B10_robyn.tanny@northwestern.edu_03_SEQ1679327A_010320D	13	120	robyn.tanny@northwestern.edu_03_SEQ1679327A_010320D
S-11237_oECA306_E05_robyn.tanny@northwestern.edu_03_SEQ1679327A_010320D	18	45	robyn.tanny@northwestern.edu_03_SEQ1679327A_010320D
S-11181_oECA306_E03_robyn.tanny@northwestern.edu_03_SEQ1679327A_010320D	26	140	robyn.tanny@northwestern.edu_03_SEQ1679327A_010320D
S-11689_oECA306_D11_robyn.tanny@northwestern.edu_03_SEQ1679327A_010320D	21	244	robyn.tanny@northwestern.edu_03_SEQ1679327A_010320D
S-11147_oECA306_H02_robyn.tanny@northwestern.edu_03_SEQ1679327A_010320D	28	152	robyn.tanny@northwestern.edu_03_SEQ1679327A_010320D
S-11648_oECA306_A09_robyn.tanny@northwestern.edu_03_SEQ1679327A_010320D	23	24	robyn.tanny@northwestern.edu_03_SEQ1679327A_010320D
S-11126_oECA306_B02_robyn.tanny@northwestern.edu_03_SEQ1679327A_010320D	27	112	robyn.tanny@northwestern.edu_03_SEQ1679327A_010320D
S-11215_oECA306_F04_robyn.tanny@northwestern.edu_03_SEQ1679327A_010320D	28	255	robyn.tanny@northwestern.edu_03_SEQ1679327A_010320D
S-11279_oECA306_F06_robyn.tanny@northwestern.edu_03_SEQ1679327A_010320D	28	46	robyn.tanny@northwestern.edu_03_SEQ1679327A_010320D
S-11127_oECA306_C02_robyn.tanny@northwestern.edu_03_SEQ1679327A_010320D	17	167	robyn.tanny@northwestern.edu_03_SEQ1679327A_010320D
S-11280_oECA306_G06_robyn.tanny@northwestern.edu_03_SEQ1679327A_010320D	35	86	robyn.tanny@northwestern.edu_03_SEQ1679327A_010320D
S-11649_oECA306_B09_robyn.tanny@northwestern.edu_03_SEQ1679327A_010320D	24	102	robyn.tanny@northwestern.edu_03_SEQ1679327A_010320D
S-11179_oECA306_C03_robyn.tanny@northwestern.edu_03_SEQ1679327A_010320D	24	141	robyn.tanny@northwestern.edu_03_SEQ1679327A_010320D
S-11012_oECA306_A01_robyn.tanny@northwestern.edu_03_SEQ1679327A_010320D	23	137	robyn.tanny@northwestern.edu_03_SEQ1679327A_010320D
S-11239_oECA306_F05_robyn.tanny@northwestern.edu_03_SEQ1679327A_010320D	55	38	robyn.tanny@northwestern.edu_03_SEQ1679327A_010320D
S-11661_oECA306_C10_robyn.tanny@northwestern.edu_03_SEQ1679327A_010320D	17	94	robyn.tanny@northwestern.edu_03_SEQ1679327A_010320D
S-11287_oECA306_A07_robyn.tanny@northwestern.edu_03_SEQ1679327A_010320D	31	134	robyn.tanny@northwestern.edu_03_SEQ1679327A_010320D
S-11666_oECA306_G10_robyn.tanny@northwestern.edu_03_SEQ1679327A_010320D	37	20	robyn.tanny@northwestern.edu_03_SEQ1679327A_010320D
S-11214_oECA306_E04_robyn.tanny@northwestern.edu_03_SEQ1679327A_010320D	22	204	robyn.tanny@northwestern.edu_03_SEQ1679327A_010320D
S-11180_oECA306_D03_robyn.tanny@northwestern.edu_03_SEQ1679327A_010320D	24	26	robyn.tanny@northwestern.edu_03_SEQ1679327A_010320D
S-11130_oECA306_F02_robyn.tanny@northwestern.edu_03_SEQ1679327A_010320D	34	114	robyn.tanny@northwestern.edu_03_SEQ1679327A_010320D
S-10713_oECA306_G02_robyn.tanny@northwestern.edu_02_SEQ1677048A_122319E	63	276	robyn.tanny@northwestern.edu_02_SEQ1677048A_122319E
S-10754_oECA306_A04_robyn.tanny@northwestern.edu_02_SEQ1677048A_122319E	44	354	robyn.tanny@northwestern.edu_02_SEQ1677048A_122319E
S-10817_oECA306_A06_robyn.tanny@northwestern.edu_02_SEQ1677048A_122319E	60	86	robyn.tanny@northwestern.edu_02_SEQ1677048A_122319E
S-10776_oECA306_B05_robyn.tanny@northwestern.edu_02_SEQ1677048A_122319E	67	87	robyn.tanny@northwestern.edu_02_SEQ1677048A_122319E
S-10777_oECA306_C05_robyn.tanny@northwestern.edu_02_SEQ1677048A_122319E	58	265	robyn.tanny@northwestern.edu_02_SEQ1677048A_122319E
S-10814_oECA306_H05_robyn.tanny@northwestern.edu_02_SEQ1677048A_122319E	41	135	robyn.tanny@northwestern.edu_02_SEQ1677048A_122319E
S-10699_oECA306_C01_robyn.tanny@northwestern.edu_02_SEQ1677048A_122319E	51	350	robyn.tanny@northwestern.edu_02_SEQ1677048A_122319E
S-10726_oECA306_G03_robyn.tanny@northwestern.edu_02_SEQ1677048A_122319E	48	421	robyn.tanny@northwestern.edu_02_SEQ1677048A_122319E
S-10755_oECA306_B04_robyn.tanny@northwestern.edu_02_SEQ1677048A_122319E	47	382	robyn.tanny@northwestern.edu_02_SEQ1677048A_122319E
S-10773_oECA306_H04_robyn.tanny@northwestern.edu_02_SEQ1677048A_122319E	48	2	robyn.tanny@northwestern.edu_02_SEQ1677048A_122319E
S-10712_oECA306_F02_robyn.tanny@northwestern.edu_02_SEQ1677048A_122319E	36	309	robyn.tanny@northwestern.edu_02_SEQ1677048A_122319E
S-10687_oECA306_B01_robyn.tanny@northwestern.edu_02_SEQ1677048A_122319E	39	248	robyn.tanny@northwestern.edu_02_SEQ1677048A_122319E
S-10778_oECA306_D05_robyn.tanny@northwestern.edu_02_SEQ1677048A_122319E	45	97	robyn.tanny@northwestern.edu_02_SEQ1677048A_122319E
S-10771_oECA306_G04_robyn.tanny@northwestern.edu_02_SEQ1677048A_122319E	64	97	robyn.tanny@northwestern.edu_02_SEQ1677048A_122319E
S-10818_oECA306_B06_robyn.tanny@northwestern.edu_02_SEQ1677048A_122319E	40	295	robyn.tanny@northwestern.edu_02_SEQ1677048A_122319E
S-10703_oECA306_G01_robyn.tanny@northwestern.edu_02_SEQ1677048A_122319E	34	345	robyn.tanny@northwestern.edu_02_SEQ1677048A_122319E
S-10686_oECA306_A01_robyn.tanny@northwestern.edu_02_SEQ1677048A_122319E	25	322	robyn.tanny@northwestern.edu_02_SEQ1677048A_122319E
S-10702_oECA306_F01_robyn.tanny@northwestern.edu_02_SEQ1677048A_122319E	28	301	robyn.tanny@northwestern.edu_02_SEQ1677048A_122319E
S-10819_oECA306_C06_robyn.tanny@northwestern.edu_02_SEQ1677048A_122319E	42	115	robyn.tanny@northwestern.edu_02_SEQ1677048A_122319E
S-10715_oECA306_A03_robyn.tanny@northwestern.edu_02_SEQ1677048A_122319E	47	257	robyn.tanny@northwestern.edu_02_SEQ1677048A_122319E
S-10714_oECA306_H02_robyn.tanny@northwestern.edu_02_SEQ1677048A_122319E	62	341	robyn.tanny@northwestern.edu_02_SEQ1677048A_122319E
S-10701_oECA306_E01_robyn.tanny@northwestern.edu_02_SEQ1677048A_122319E	39	117	robyn.tanny@northwestern.edu_02_SEQ1677048A_122319E
S-10758_oECA306_E04_robyn.tanny@northwestern.edu_02_SEQ1677048A_122319E	43	84	robyn.tanny@northwestern.edu_02_SEQ1677048A_122319E
S-10709_oECA306_C02_robyn.tanny@northwestern.edu_02_SEQ1677048A_122319E	43	354	robyn.tanny@northwestern.edu_02_SEQ1677048A_122319E
S-10812_oECA306_F05_robyn.tanny@northwestern.edu_02_SEQ1677048A_122319E	43	124	robyn.tanny@northwestern.edu_02_SEQ1677048A_122319E
S-10759_oECA306_F04_robyn.tanny@northwestern.edu_02_SEQ1677048A_122319E	28	17	robyn.tanny@northwestern.edu_02_SEQ1677048A_122319E
S-10844_oECA306_F06_robyn.tanny@northwestern.edu_02_SEQ1677048A_122319E	46	209	robyn.tanny@northwestern.edu_02_SEQ1677048A_122319E
S-10722_oECA306_E03_robyn.tanny@northwestern.edu_02_SEQ1677048A_122319E	39	368	robyn.tanny@northwestern.edu_02_SEQ1677048A_122319E
S-10719_oECA306_D03_robyn.tanny@northwestern.edu_02_SEQ1677048A_122319E	43	150	robyn.tanny@northwestern.edu_02_SEQ1677048A_122319E
S-10813_oECA306_G05_robyn.tanny@northwestern.edu_02_SEQ1677048A_122319E	34	71	robyn.tanny@northwestern.edu_02_SEQ1677048A_122319E
S-10708_oECA306_B02_robyn.tanny@northwestern.edu_02_SEQ1677048A_122319E	62	365	robyn.tanny@northwestern.edu_02_SEQ1677048A_122319E
S-10795_oECA306_E05_robyn.tanny@northwestern.edu_02_SEQ1677048A_122319E	42	137	robyn.tanny@northwestern.edu_02_SEQ1677048A_122319E
S-10700_oECA306_D01_robyn.tanny@northwestern.edu_02_SEQ1677048A_122319E	57	234	robyn.tanny@northwestern.edu_02_SEQ1677048A_122319E
S-10854_oECA306_G06_robyn.tanny@northwestern.edu_02_SEQ1677048A_122319E	30	255	robyn.tanny@northwestern.edu_02_SEQ1677048A_122319E
S-10718_oECA306_C03_robyn.tanny@northwestern.edu_02_SEQ1677048A_122319E	46	118	robyn.tanny@northwestern.edu_02_SEQ1677048A_122319E
S-10757_oECA306_D04_robyn.tanny@northwestern.edu_02_SEQ1677048A_122319E	67	337	robyn.tanny@northwestern.edu_02_SEQ1677048A_122319E
S-10919_oECA306_H06_robyn.tanny@northwestern.edu_02_SEQ1677048A_122319E	49	222	robyn.tanny@northwestern.edu_02_SEQ1677048A_122319E
S-10739_oECA306_H03_robyn.tanny@northwestern.edu_02_SEQ1677048A_122319E	57	17	robyn.tanny@northwestern.edu_02_SEQ1677048A_122319E
S-10920_oECA306_A07_robyn.tanny@northwestern.edu_02_SEQ1677048A_122319E	42	289	robyn.tanny@northwestern.edu_02_SEQ1677048A_122319E
S-10725_oECA306_F03_robyn.tanny@northwestern.edu_02_SEQ1677048A_122319E	46	188	robyn.tanny@northwestern.edu_02_SEQ1677048A_122319E
S-10843_oECA306_E06_robyn.tanny@northwestern.edu_02_SEQ1677048A_122319E	44	188	robyn.tanny@northwestern.edu_02_SEQ1677048A_122319E
S-10711_oECA306_E02_robyn.tanny@northwestern.edu_02_SEQ1677048A_122319E	42	259	robyn.tanny@northwestern.edu_02_SEQ1677048A_122319E
S-10756_oECA306_C04_robyn.tanny@northwestern.edu_02_SEQ1677048A_122319E	41	120	robyn.tanny@northwestern.edu_02_SEQ1677048A_122319E
S-10704_oECA306_H01_robyn.tanny@northwestern.edu_02_SEQ1677048A_122319E	43	311	robyn.tanny@northwestern.edu_02_SEQ1677048A_122319E
S-10842_oECA306_D06_robyn.tanny@northwestern.edu_02_SEQ1677048A_122319E	50	90	robyn.tanny@northwestern.edu_02_SEQ1677048A_122319E
S-10710_oECA306_D02_robyn.tanny@northwestern.edu_02_SEQ1677048A_122319E	45	137	robyn.tanny@northwestern.edu_02_SEQ1677048A_122319E
S-10717_oECA306_B03_robyn.tanny@northwestern.edu_02_SEQ1677048A_122319E	37	427	robyn.tanny@northwestern.edu_02_SEQ1677048A_122319E
S-10775_oECA306_A05_robyn.tanny@northwestern.edu_02_SEQ1677048A_122319E	47	61	robyn.tanny@northwestern.edu_02_SEQ1677048A_122319E
S-10707_oECA306_A02_robyn.tanny@northwestern.edu_02_SEQ1677048A_122319E	44	142	robyn.tanny@northwestern.edu_02_SEQ1677048A_122319E
S-10432_oECA306_H05_robyn.tanny@northwestern.edu_01_SEQ1677048A_122319D	21	285	robyn.tanny@northwestern.edu_01_SEQ1677048A_122319D
S-10562_oECA306_E08_robyn.tanny@northwestern.edu_01_SEQ1677048A_122319D	34	221	robyn.tanny@northwestern.edu_01_SEQ1677048A_122319D
S-10667_oECA306_B12_robyn.tanny@northwestern.edu_01_SEQ1677048A_122319D	27	19	robyn.tanny@northwestern.edu_01_SEQ1677048A_122319D
S-10636_oECA306_B11_robyn.tanny@northwestern.edu_01_SEQ1677048A_122319D	44	336	robyn.tanny@northwestern.edu_01_SEQ1677048A_122319D
S-10583_oECA306_E09_robyn.tanny@northwestern.edu_01_SEQ1677048A_122319D	32	326	robyn.tanny@northwestern.edu_01_SEQ1677048A_122319D
S-10628_oECA306_F10_robyn.tanny@northwestern.edu_01_SEQ1677048A_122319D	31	176	robyn.tanny@northwestern.edu_01_SEQ1677048A_122319D
S-10280_oECA306_C02_robyn.tanny@northwestern.edu_01_SEQ1677048A_122319D	31	263	robyn.tanny@northwestern.edu_01_SEQ1677048A_122319D
S-10412_oECA306_C05_robyn.tanny@northwestern.edu_01_SEQ1677048A_122319D	33	228	robyn.tanny@northwestern.edu_01_SEQ1677048A_122319D
S-10326_oECA306_G03_robyn.tanny@northwestern.edu_01_SEQ1677048A_122319D	44	105	robyn.tanny@northwestern.edu_01_SEQ1677048A_122319D
S-10278_oECA306_A02_robyn.tanny@northwestern.edu_01_SEQ1677048A_122319D	45	126	robyn.tanny@northwestern.edu_01_SEQ1677048A_122319D
S-10261_oECA306_G01_robyn.tanny@northwestern.edu_01_SEQ1677048A_122319D	32	44	robyn.tanny@northwestern.edu_01_SEQ1677048A_122319D
S-10399_oECA306_E04_robyn.tanny@northwestern.edu_01_SEQ1677048A_122319D	34	232	robyn.tanny@northwestern.edu_01_SEQ1677048A_122319D
S-10517_oECA306_A08_robyn.tanny@northwestern.edu_01_SEQ1677048A_122319D	33	13	robyn.tanny@northwestern.edu_01_SEQ1677048A_122319D
S-10633_oECA306_H10_robyn.tanny@northwestern.edu_01_SEQ1677048A_122319D	27	344	robyn.tanny@northwestern.edu_01_SEQ1677048A_122319D
S-10420_oECA306_E05_robyn.tanny@northwestern.edu_01_SEQ1677048A_122319D	30	300	robyn.tanny@northwestern.edu_01_SEQ1677048A_122319D
S-10493_oECA306_H06_robyn.tanny@northwestern.edu_01_SEQ1677048A_122319D	21	307	robyn.tanny@northwestern.edu_01_SEQ1677048A_122319D
S-10563_oECA306_F08_robyn.tanny@northwestern.edu_01_SEQ1677048A_122319D	32	257	robyn.tanny@northwestern.edu_01_SEQ1677048A_122319D
S-10572_oECA306_B09_robyn.tanny@northwestern.edu_01_SEQ1677048A_122319D	36	293	robyn.tanny@northwestern.edu_01_SEQ1677048A_122319D
S-10279_oECA306_B02_robyn.tanny@northwestern.edu_01_SEQ1677048A_122319D	29	299	robyn.tanny@northwestern.edu_01_SEQ1677048A_122319D
S-10566_oECA306_H08_robyn.tanny@northwestern.edu_01_SEQ1677048A_122319D	28	259	robyn.tanny@northwestern.edu_01_SEQ1677048A_122319D
S-10314_oECA306_C03_robyn.tanny@northwestern.edu_01_SEQ1677048A_122319D	39	177	robyn.tanny@northwestern.edu_01_SEQ1677048A_122319D
S-10486_oECA306_E06_robyn.tanny@northwestern.edu_01_SEQ1677048A_122319D	-	-	robyn.tanny@northwestern.edu_01_SEQ1677048A_122319D
S-10592_oECA306_G09_robyn.tanny@northwestern.edu_01_SEQ1677048A_122319D	39	273	robyn.tanny@northwestern.edu_01_SEQ1677048A_122319D
S-10629_oECA306_G10_robyn.tanny@northwestern.edu_01_SEQ1677048A_122319D	34	290	robyn.tanny@northwestern.edu_01_SEQ1677048A_122319D
S-10639_oECA306_C11_robyn.tanny@northwestern.edu_01_SEQ1677048A_122319D	18	340	robyn.tanny@northwestern.edu_01_SEQ1677048A_122319D
S-10668_oECA306_C12_robyn.tanny@northwestern.edu_01_SEQ1677048A_122319D	29	253	robyn.tanny@northwestern.edu_01_SEQ1677048A_122319D
S-10620_oECA306_C10_robyn.tanny@northwestern.edu_01_SEQ1677048A_122319D	23	6	robyn.tanny@northwestern.edu_01_SEQ1677048A_122319D
S-10564_oECA306_G08_robyn.tanny@northwestern.edu_01_SEQ1677048A_122319D	28	338	robyn.tanny@northwestern.edu_01_SEQ1677048A_122319D
S-10627_oECA306_E10_robyn.tanny@northwestern.edu_01_SEQ1677048A_122319D	27	188	robyn.tanny@northwestern.edu_01_SEQ1677048A_122319D
S-10490_oECA306_F06_robyn.tanny@northwestern.edu_01_SEQ1677048A_122319D	25	280	robyn.tanny@northwestern.edu_01_SEQ1677048A_122319D
S-10602_oECA306_H09_robyn.tanny@northwestern.edu_01_SEQ1677048A_122319D	15	218	robyn.tanny@northwestern.edu_01_SEQ1677048A_122319D
S-10522_oECA306_D08_robyn.tanny@northwestern.edu_01_SEQ1677048A_122319D	59	40	robyn.tanny@northwestern.edu_01_SEQ1677048A_122319D
S-10626_oECA306_D10_robyn.tanny@northwestern.edu_01_SEQ1677048A_122319D	35	72	robyn.tanny@northwestern.edu_01_SEQ1677048A_122319D
S-10337_oECA306_B04_robyn.tanny@northwestern.edu_01_SEQ1677048A_122319D	48	113	robyn.tanny@northwestern.edu_01_SEQ1677048A_122319D
S-10429_oECA306_G05_robyn.tanny@northwestern.edu_01_SEQ1677048A_122319D	47	75	robyn.tanny@northwestern.edu_01_SEQ1677048A_122319D
S-10236_oECA306_E01_robyn.tanny@northwestern.edu_01_SEQ1677048A_122319D	27	290	robyn.tanny@northwestern.edu_01_SEQ1677048A_122319D
S-10503_oECA306_D07_robyn.tanny@northwestern.edu_01_SEQ1677048A_122319D	28	319	robyn.tanny@northwestern.edu_01_SEQ1677048A_122319D
S-10214_oECA306_D01_robyn.tanny@northwestern.edu_01_SEQ1677048A_122319D	-	-	robyn.tanny@northwestern.edu_01_SEQ1677048A_122319D
S-10645_oECA306_F11_robyn.tanny@northwestern.edu_01_SEQ1677048A_122319D	38	89	robyn.tanny@northwestern.edu_01_SEQ1677048A_122319D
S-10290_oECA306_G02_robyn.tanny@northwestern.edu_01_SEQ1677048A_122319D	39	138	robyn.tanny@northwestern.edu_01_SEQ1677048A_122319D
S-10505_oECA306_E07_robyn.tanny@northwestern.edu_01_SEQ1677048A_122319D	32	254	robyn.tanny@northwestern.edu_01_SEQ1677048A_122319D
S-10685_oECA306_H12_robyn.tanny@northwestern.edu_01_SEQ1677048A_122319D	32	304	robyn.tanny@northwestern.edu_01_SEQ1677048A_122319D
S-10316_oECA306_D03_robyn.tanny@northwestern.edu_01_SEQ1677048A_122319D	50	200	robyn.tanny@northwestern.edu_01_SEQ1677048A_122319D
S-10580_oECA306_C09_robyn.tanny@northwestern.edu_01_SEQ1677048A_122319D	46	244	robyn.tanny@northwestern.edu_01_SEQ1677048A_122319D
S-10520_oECA306_B08_robyn.tanny@northwestern.edu_01_SEQ1677048A_122319D	33	199	robyn.tanny@northwestern.edu_01_SEQ1677048A_122319D
S-10609_oECA306_A10_robyn.tanny@northwestern.edu_01_SEQ1677048A_122319D	39	197	robyn.tanny@northwestern.edu_01_SEQ1677048A_122319D
S-10319_oECA306_F03_robyn.tanny@northwestern.edu_01_SEQ1677048A_122319D	35	261	robyn.tanny@northwestern.edu_01_SEQ1677048A_122319D
S-10510_oECA306_F07_robyn.tanny@northwestern.edu_01_SEQ1677048A_122319D	35	196	robyn.tanny@northwestern.edu_01_SEQ1677048A_122319D
S-10385_oECA306_D04_robyn.tanny@northwestern.edu_01_SEQ1677048A_122319D	40	10	robyn.tanny@northwestern.edu_01_SEQ1677048A_122319D
S-10494_oECA306_A07_robyn.tanny@northwestern.edu_01_SEQ1677048A_122319D	23	274	robyn.tanny@northwestern.edu_01_SEQ1677048A_122319D
S-10581_oECA306_D09_robyn.tanny@northwestern.edu_01_SEQ1677048A_122319D	30	229	robyn.tanny@northwestern.edu_01_SEQ1677048A_122319D
S-10672_oECA306_D12_robyn.tanny@northwestern.edu_01_SEQ1677048A_122319D	44	368	robyn.tanny@northwestern.edu_01_SEQ1677048A_122319D
S-10285_oECA306_F02_robyn.tanny@northwestern.edu_01_SEQ1677048A_122319D	21	368	robyn.tanny@northwestern.edu_01_SEQ1677048A_122319D
S-10417_oECA306_D05_robyn.tanny@northwestern.edu_01_SEQ1677048A_122319D	53	328	robyn.tanny@northwestern.edu_01_SEQ1677048A_122319D
S-10311_oECA306_B03_robyn.tanny@northwestern.edu_01_SEQ1677048A_122319D	30	23	robyn.tanny@northwestern.edu_01_SEQ1677048A_122319D
S-10661_oECA306_H11_robyn.tanny@northwestern.edu_01_SEQ1677048A_122319D	36	238	robyn.tanny@northwestern.edu_01_SEQ1677048A_122319D
S-10640_oECA306_D11_robyn.tanny@northwestern.edu_01_SEQ1677048A_122319D	29	405	robyn.tanny@northwestern.edu_01_SEQ1677048A_122319D
S-10206_oECA306_A01_robyn.tanny@northwestern.edu_01_SEQ1677048A_122319D	43	414	robyn.tanny@northwestern.edu_01_SEQ1677048A_122319D
S-10495_oECA306_B07_robyn.tanny@northwestern.edu_01_SEQ1677048A_122319D	18	247	robyn.tanny@northwestern.edu_01_SEQ1677048A_122319D
S-10383_oECA306_C04_robyn.tanny@northwestern.edu_01_SEQ1677048A_122319D	24	223	robyn.tanny@northwestern.edu_01_SEQ1677048A_122319D
S-10248_oECA306_F01_robyn.tanny@northwestern.edu_01_SEQ1677048A_122319D	34	25	robyn.tanny@northwestern.edu_01_SEQ1677048A_122319D
S-10318_oECA306_E03_robyn.tanny@northwestern.edu_01_SEQ1677048A_122319D	27	215	robyn.tanny@northwestern.edu_01_SEQ1677048A_122319D
S-10684_oECA306_G12_robyn.tanny@northwestern.edu_01_SEQ1677048A_122319D	39	152	robyn.tanny@northwestern.edu_01_SEQ1677048A_122319D
S-10500_oECA306_C07_robyn.tanny@northwestern.edu_01_SEQ1677048A_122319D	27	167	robyn.tanny@northwestern.edu_01_SEQ1677048A_122319D
S-10449_oECA306_B06_robyn.tanny@northwestern.edu_01_SEQ1677048A_122319D	34	239	robyn.tanny@northwestern.edu_01_SEQ1677048A_122319D
S-10291_oECA306_H02_robyn.tanny@northwestern.edu_01_SEQ1677048A_122319D	37	276	robyn.tanny@northwestern.edu_01_SEQ1677048A_122319D
S-10641_oECA306_E11_robyn.tanny@northwestern.edu_01_SEQ1677048A_122319D	44	325	robyn.tanny@northwestern.edu_01_SEQ1677048A_122319D
S-10521_oECA306_C08_robyn.tanny@northwestern.edu_01_SEQ1677048A_122319D	54	45	robyn.tanny@northwestern.edu_01_SEQ1677048A_122319D
S-10511_oECA306_G07_robyn.tanny@northwestern.edu_01_SEQ1677048A_122319D	26	406	robyn.tanny@northwestern.edu_01_SEQ1677048A_122319D
S-10284_oECA306_E02_robyn.tanny@northwestern.edu_01_SEQ1677048A_122319D	43	5	robyn.tanny@northwestern.edu_01_SEQ1677048A_122319D
S-10330_oECA306_H03_robyn.tanny@northwestern.edu_01_SEQ1677048A_122319D	28	290	robyn.tanny@northwestern.edu_01_SEQ1677048A_122319D
S-10270_oECA306_H01_robyn.tanny@northwestern.edu_01_SEQ1677048A_122319D	27	134	robyn.tanny@northwestern.edu_01_SEQ1677048A_122319D
S-10610_oECA306_B10_robyn.tanny@northwestern.edu_01_SEQ1677048A_122319D	47	261	robyn.tanny@northwestern.edu_01_SEQ1677048A_122319D
S-10683_oECA306_F12_robyn.tanny@northwestern.edu_01_SEQ1677048A_122319D	-	-	robyn.tanny@northwestern.edu_01_SEQ1677048A_122319D
S-10591_oECA306_F09_robyn.tanny@northwestern.edu_01_SEQ1677048A_122319D	40	212	robyn.tanny@northwestern.edu_01_SEQ1677048A_122319D
S-10513_oECA306_H07_robyn.tanny@northwestern.edu_01_SEQ1677048A_122319D	22	172	robyn.tanny@northwestern.edu_01_SEQ1677048A_122319D
S-10401_oECA306_G04_robyn.tanny@northwestern.edu_01_SEQ1677048A_122319D	54	212	robyn.tanny@northwestern.edu_01_SEQ1677048A_122319D
S-10485_oECA306_D06_robyn.tanny@northwestern.edu_01_SEQ1677048A_122319D	24	279	robyn.tanny@northwestern.edu_01_SEQ1677048A_122319D
S-10209_oECA306_B01_robyn.tanny@northwestern.edu_01_SEQ1677048A_122319D	55	22	robyn.tanny@northwestern.edu_01_SEQ1677048A_122319D
S-10283_oECA306_D02_robyn.tanny@northwestern.edu_01_SEQ1677048A_122319D	46	58	robyn.tanny@northwestern.edu_01_SEQ1677048A_122319D
S-10406_oECA306_A05_robyn.tanny@northwestern.edu_01_SEQ1677048A_122319D	26	277	robyn.tanny@northwestern.edu_01_SEQ1677048A_122319D
S-10571_oECA306_A09_robyn.tanny@northwestern.edu_01_SEQ1677048A_122319D	33	231	robyn.tanny@northwestern.edu_01_SEQ1677048A_122319D
S-10434_oECA306_A06_robyn.tanny@northwestern.edu_01_SEQ1677048A_122319D	17	261	robyn.tanny@northwestern.edu_01_SEQ1677048A_122319D
S-10402_oECA306_H04_robyn.tanny@northwestern.edu_01_SEQ1677048A_122319D	45	174	robyn.tanny@northwestern.edu_01_SEQ1677048A_122319D
S-10308_oECA306_A03_robyn.tanny@northwestern.edu_01_SEQ1677048A_122319D	24	258	robyn.tanny@northwestern.edu_01_SEQ1677048A_122319D
S-10408_oECA306_B05_robyn.tanny@northwestern.edu_01_SEQ1677048A_122319D	28	324	robyn.tanny@northwestern.edu_01_SEQ1677048A_122319D
S-10664_oECA306_A12_robyn.tanny@northwestern.edu_01_SEQ1677048A_122319D	23	307	robyn.tanny@northwestern.edu_01_SEQ1677048A_122319D
S-10635_oECA306_A11_robyn.tanny@northwestern.edu_01_SEQ1677048A_122319D	17	251	robyn.tanny@northwestern.edu_01_SEQ1677048A_122319D
S-10682_oECA306_E12_robyn.tanny@northwestern.edu_01_SEQ1677048A_122319D	-	-	robyn.tanny@northwestern.edu_01_SEQ1677048A_122319D
S-10211_oECA306_C01_robyn.tanny@northwestern.edu_01_SEQ1677048A_122319D	32	260	robyn.tanny@northwestern.edu_01_SEQ1677048A_122319D
S-10335_oECA306_A04_robyn.tanny@northwestern.edu_01_SEQ1677048A_122319D	35	175	robyn.tanny@northwestern.edu_01_SEQ1677048A_122319D
S-10648_oECA306_G11_robyn.tanny@northwestern.edu_01_SEQ1677048A_122319D	49	63	robyn.tanny@northwestern.edu_01_SEQ1677048A_122319D
S-10400_oECA306_F04_robyn.tanny@northwestern.edu_01_SEQ1677048A_122319D	34	247	robyn.tanny@northwestern.edu_01_SEQ1677048A_122319D
S-10424_oECA306_F05_robyn.tanny@northwestern.edu_01_SEQ1677048A_122319D	-	-	robyn.tanny@northwestern.edu_01_SEQ1677048A_122319D
S-10474_oECA306_C06_robyn.tanny@northwestern.edu_01_SEQ1677048A_122319D	27	230	robyn.tanny@northwestern.edu_01_SEQ1677048A_122319D
S-10492_oECA306_G06_robyn.tanny@northwestern.edu_01_SEQ1677048A_122319D	28	297	robyn.tanny@northwestern.edu_01_SEQ1677048A_122319D
S-11793_oECA306_G05_robyn.tanny@northwestern.edu_04_SEQ1679327A_010320E	24	143	robyn.tanny@northwestern.edu_04_SEQ1679327A_010320E
S-11847_oECA306_F09_robyn.tanny@northwestern.edu_04_SEQ1679327A_010320E	47	29	robyn.tanny@northwestern.edu_04_SEQ1679327A_010320E
S-11891_oECA306_F12_robyn.tanny@northwestern.edu_04_SEQ1679327A_010320E	25	255	robyn.tanny@northwestern.edu_04_SEQ1679327A_010320E
S-11871_oECA306_A11_robyn.tanny@northwestern.edu_04_SEQ1679327A_010320E	29	74	robyn.tanny@northwestern.edu_04_SEQ1679327A_010320E
S-11782_oECA306_A05_robyn.tanny@northwestern.edu_04_SEQ1679327A_010320E	23	156	robyn.tanny@northwestern.edu_04_SEQ1679327A_010320E
S-11775_oECA306_C04_robyn.tanny@northwestern.edu_04_SEQ1679327A_010320E	23	9	robyn.tanny@northwestern.edu_04_SEQ1679327A_010320E
S-11723_oECA306_C01_robyn.tanny@northwestern.edu_04_SEQ1679327A_010320E	40	1	robyn.tanny@northwestern.edu_04_SEQ1679327A_010320E
S-11805_oECA306_F06_robyn.tanny@northwestern.edu_04_SEQ1679327A_010320E	24	43	robyn.tanny@northwestern.edu_04_SEQ1679327A_010320E
S-11733_oECA306_B02_robyn.tanny@northwestern.edu_04_SEQ1679327A_010320E	36	159	robyn.tanny@northwestern.edu_04_SEQ1679327A_010320E
S-11731_oECA306_H01_robyn.tanny@northwestern.edu_04_SEQ1679327A_010320E	33	146	robyn.tanny@northwestern.edu_04_SEQ1679327A_010320E
S-11893_oECA306_H12_robyn.tanny@northwestern.edu_04_SEQ1679327A_010320E	71	93	robyn.tanny@northwestern.edu_04_SEQ1679327A_010320E
S-11783_oECA306_B05_robyn.tanny@northwestern.edu_04_SEQ1679327A_010320E	30	28	robyn.tanny@northwestern.edu_04_SEQ1679327A_010320E
S-11722_oECA306_B01_robyn.tanny@northwestern.edu_04_SEQ1679327A_010320E	32	247	robyn.tanny@northwestern.edu_04_SEQ1679327A_010320E
S-11861_oECA306_D10_robyn.tanny@northwestern.edu_04_SEQ1679327A_010320E	-	-	robyn.tanny@northwestern.edu_04_SEQ1679327A_010320E
S-11854_oECA306_B10_robyn.tanny@northwestern.edu_04_SEQ1679327A_010320E	42	71	robyn.tanny@northwestern.edu_04_SEQ1679327A_010320E
S-11890_oECA306_E12_robyn.tanny@northwestern.edu_04_SEQ1679327A_010320E	43	181	robyn.tanny@northwestern.edu_04_SEQ1679327A_010320E
S-11867_oECA306_E10_robyn.tanny@northwestern.edu_04_SEQ1679327A_010320E	51	22	robyn.tanny@northwestern.edu_04_SEQ1679327A_010320E
S-11767_oECA306_H03_robyn.tanny@northwestern.edu_04_SEQ1679327A_010320E	32	28	robyn.tanny@northwestern.edu_04_SEQ1679327A_010320E
S-11876_oECA306_C11_robyn.tanny@northwestern.edu_04_SEQ1679327A_010320E	49	251	robyn.tanny@northwestern.edu_04_SEQ1679327A_010320E
S-11846_oECA306_E09_robyn.tanny@northwestern.edu_04_SEQ1679327A_010320E	24	110	robyn.tanny@northwestern.edu_04_SEQ1679327A_010320E
S-11792_oECA306_F05_robyn.tanny@northwestern.edu_04_SEQ1679327A_010320E	38	220	robyn.tanny@northwestern.edu_04_SEQ1679327A_010320E
S-11732_oECA306_A02_robyn.tanny@northwestern.edu_04_SEQ1679327A_010320E	28	84	robyn.tanny@northwestern.edu_04_SEQ1679327A_010320E
S-11852_oECA306_A10_robyn.tanny@northwestern.edu_04_SEQ1679327A_010320E	34	72	robyn.tanny@northwestern.edu_04_SEQ1679327A_010320E
S-11807_oECA306_H06_robyn.tanny@northwestern.edu_04_SEQ1679327A_010320E	44	55	robyn.tanny@northwestern.edu_04_SEQ1679327A_010320E
S-11804_oECA306_E06_robyn.tanny@northwestern.edu_04_SEQ1679327A_010320E	24	349	robyn.tanny@northwestern.edu_04_SEQ1679327A_010320E
S-11774_oECA306_B04_robyn.tanny@northwestern.edu_04_SEQ1679327A_010320E	42	59	robyn.tanny@northwestern.edu_04_SEQ1679327A_010320E
S-11781_oECA306_H04_robyn.tanny@northwestern.edu_04_SEQ1679327A_010320E	34	75	robyn.tanny@northwestern.edu_04_SEQ1679327A_010320E
S-11877_oECA306_D11_robyn.tanny@northwestern.edu_04_SEQ1679327A_010320E	22	341	robyn.tanny@northwestern.edu_04_SEQ1679327A_010320E
S-11802_oECA306_C06_robyn.tanny@northwestern.edu_04_SEQ1679327A_010320E	38	41	robyn.tanny@northwestern.edu_04_SEQ1679327A_010320E
S-11814_oECA306_A07_robyn.tanny@northwestern.edu_04_SEQ1679327A_010320E	43	271	robyn.tanny@northwestern.edu_04_SEQ1679327A_010320E
S-11741_oECA306_E02_robyn.tanny@northwestern.edu_04_SEQ1679327A_010320E	41	18	robyn.tanny@northwestern.edu_04_SEQ1679327A_010320E
S-11869_oECA306_G10_robyn.tanny@northwestern.edu_04_SEQ1679327A_010320E	20	265	robyn.tanny@northwestern.edu_04_SEQ1679327A_010320E
S-11848_oECA306_G09_robyn.tanny@northwestern.edu_04_SEQ1679327A_010320E	41	325	robyn.tanny@northwestern.edu_04_SEQ1679327A_010320E
S-11840_oECA306_A09_robyn.tanny@northwestern.edu_04_SEQ1679327A_010320E	26	160	robyn.tanny@northwestern.edu_04_SEQ1679327A_010320E
S-11757_oECA306_E03_robyn.tanny@northwestern.edu_04_SEQ1679327A_010320E	37	176	robyn.tanny@northwestern.edu_04_SEQ1679327A_010320E
S-11803_oECA306_D06_robyn.tanny@northwestern.edu_04_SEQ1679327A_010320E	25	18	robyn.tanny@northwestern.edu_04_SEQ1679327A_010320E
S-11749_oECA306_A03_robyn.tanny@northwestern.edu_04_SEQ1679327A_010320E	30	199	robyn.tanny@northwestern.edu_04_SEQ1679327A_010320E
S-11879_oECA306_F11_robyn.tanny@northwestern.edu_04_SEQ1679327A_010320E	41	72	robyn.tanny@northwestern.edu_04_SEQ1679327A_010320E
S-11756_oECA306_D03_robyn.tanny@northwestern.edu_04_SEQ1679327A_010320E	43	43	robyn.tanny@northwestern.edu_04_SEQ1679327A_010320E
S-11841_oECA306_B09_robyn.tanny@northwestern.edu_04_SEQ1679327A_010320E	23	136	robyn.tanny@northwestern.edu_04_SEQ1679327A_010320E
S-11880_oECA306_G11_robyn.tanny@northwestern.edu_04_SEQ1679327A_010320E	25	205	robyn.tanny@northwestern.edu_04_SEQ1679327A_010320E
S-11759_oECA306_F03_robyn.tanny@northwestern.edu_04_SEQ1679327A_010320E	32	26	robyn.tanny@northwestern.edu_04_SEQ1679327A_010320E
S-11815_oECA306_B07_robyn.tanny@northwestern.edu_04_SEQ1679327A_010320E	48	153	robyn.tanny@northwestern.edu_04_SEQ1679327A_010320E
S-11833_oECA306_D08_robyn.tanny@northwestern.edu_04_SEQ1679327A_010320E	41	140	robyn.tanny@northwestern.edu_04_SEQ1679327A_010320E
S-11888_oECA306_C12_robyn.tanny@northwestern.edu_04_SEQ1679327A_010320E	45	31	robyn.tanny@northwestern.edu_04_SEQ1679327A_010320E
S-11734_oECA306_C02_robyn.tanny@northwestern.edu_04_SEQ1679327A_010320E	49	66	robyn.tanny@northwestern.edu_04_SEQ1679327A_010320E
S-11878_oECA306_E11_robyn.tanny@northwestern.edu_04_SEQ1679327A_010320E	36	89	robyn.tanny@northwestern.edu_04_SEQ1679327A_010320E
S-11820_oECA306_F07_robyn.tanny@northwestern.edu_04_SEQ1679327A_010320E	33	148	robyn.tanny@northwestern.edu_04_SEQ1679327A_010320E
S-11839_oECA306_H08_robyn.tanny@northwestern.edu_04_SEQ1679327A_010320E	18	55	robyn.tanny@northwestern.edu_04_SEQ1679327A_010320E
S-11868_oECA306_F10_robyn.tanny@northwestern.edu_04_SEQ1679327A_010320E	15	314	robyn.tanny@northwestern.edu_04_SEQ1679327A_010320E
S-11740_oECA306_D02_robyn.tanny@northwestern.edu_04_SEQ1679327A_010320E	23	117	robyn.tanny@northwestern.edu_04_SEQ1679327A_010320E
S-11832_oECA306_C08_robyn.tanny@northwestern.edu_04_SEQ1679327A_010320E	42	99	robyn.tanny@northwestern.edu_04_SEQ1679327A_010320E
S-11889_oECA306_D12_robyn.tanny@northwestern.edu_04_SEQ1679327A_010320E	44	76	robyn.tanny@northwestern.edu_04_SEQ1679327A_010320E
S-11786_oECA306_C05_robyn.tanny@northwestern.edu_04_SEQ1679327A_010320E	24	258	robyn.tanny@northwestern.edu_04_SEQ1679327A_010320E
S-11794_oECA306_H05_robyn.tanny@northwestern.edu_04_SEQ1679327A_010320E	24	345	robyn.tanny@northwestern.edu_04_SEQ1679327A_010320E
S-11843_oECA306_D09_robyn.tanny@northwestern.edu_04_SEQ1679327A_010320E	23	88	robyn.tanny@northwestern.edu_04_SEQ1679327A_010320E
S-11729_oECA306_F01_robyn.tanny@northwestern.edu_04_SEQ1679327A_010320E	-	-	robyn.tanny@northwestern.edu_04_SEQ1679327A_010320E
S-11816_oECA306_C07_robyn.tanny@northwestern.edu_04_SEQ1679327A_010320E	23	97	robyn.tanny@northwestern.edu_04_SEQ1679327A_010320E
S-11842_oECA306_C09_robyn.tanny@northwestern.edu_04_SEQ1679327A_010320E	41	110	robyn.tanny@northwestern.edu_04_SEQ1679327A_010320E
S-11882_oECA306_A12_robyn.tanny@northwestern.edu_04_SEQ1679327A_010320E	40	212	robyn.tanny@northwestern.edu_04_SEQ1679327A_010320E
S-11818_oECA306_D07_robyn.tanny@northwestern.edu_04_SEQ1679327A_010320E	24	167	robyn.tanny@northwestern.edu_04_SEQ1679327A_010320E
S-11720_oECA306_A01_robyn.tanny@northwestern.edu_04_SEQ1679327A_010320E	35	104	robyn.tanny@northwestern.edu_04_SEQ1679327A_010320E
S-11744_oECA306_G02_robyn.tanny@northwestern.edu_04_SEQ1679327A_010320E	24	150	robyn.tanny@northwestern.edu_04_SEQ1679327A_010320E
S-11838_oECA306_G08_robyn.tanny@northwestern.edu_04_SEQ1679327A_010320E	15	91	robyn.tanny@northwestern.edu_04_SEQ1679327A_010320E
S-11742_oECA306_F02_robyn.tanny@northwestern.edu_04_SEQ1679327A_010320E	28	64	robyn.tanny@northwestern.edu_04_SEQ1679327A_010320E
S-11819_oECA306_E07_robyn.tanny@northwestern.edu_04_SEQ1679327A_010320E	24	66	robyn.tanny@northwestern.edu_04_SEQ1679327A_010320E
S-11883_oECA306_B12_robyn.tanny@northwestern.edu_04_SEQ1679327A_010320E	27	210	robyn.tanny@northwestern.edu_04_SEQ1679327A_010320E
S-11881_oECA306_H11_robyn.tanny@northwestern.edu_04_SEQ1679327A_010320E	43	126	robyn.tanny@northwestern.edu_04_SEQ1679327A_010320E
S-11856_oECA306_C10_robyn.tanny@northwestern.edu_04_SEQ1679327A_010320E	38	64	robyn.tanny@northwestern.edu_04_SEQ1679327A_010320E
S-11728_oECA306_E01_robyn.tanny@northwestern.edu_04_SEQ1679327A_010320E	29	127	robyn.tanny@northwestern.edu_04_SEQ1679327A_010320E
S-11796_oECA306_A06_robyn.tanny@northwestern.edu_04_SEQ1679327A_010320E	30	15	robyn.tanny@northwestern.edu_04_SEQ1679327A_010320E
S-11761_oECA306_G03_robyn.tanny@northwestern.edu_04_SEQ1679327A_010320E	37	118	robyn.tanny@northwestern.edu_04_SEQ1679327A_010320E
S-11836_oECA306_E08_robyn.tanny@northwestern.edu_04_SEQ1679327A_010320E	24	18	robyn.tanny@northwestern.edu_04_SEQ1679327A_010320E
S-11730_oECA306_G01_robyn.tanny@northwestern.edu_04_SEQ1679327A_010320E	27	128	robyn.tanny@northwestern.edu_04_SEQ1679327A_010320E
S-11826_oECA306_H07_robyn.tanny@northwestern.edu_04_SEQ1679327A_010320E	114	215	robyn.tanny@northwestern.edu_04_SEQ1679327A_010320E
S-11875_oECA306_B11_robyn.tanny@northwestern.edu_04_SEQ1679327A_010320E	31	52	robyn.tanny@northwestern.edu_04_SEQ1679327A_010320E
S-11776_oECA306_D04_robyn.tanny@northwestern.edu_04_SEQ1679327A_010320E	63	316	robyn.tanny@northwestern.edu_04_SEQ1679327A_010320E
S-11779_oECA306_F04_robyn.tanny@northwestern.edu_04_SEQ1679327A_010320E	15	268	robyn.tanny@northwestern.edu_04_SEQ1679327A_010320E
S-11752_oECA306_B03_robyn.tanny@northwestern.edu_04_SEQ1679327A_010320E	33	197	robyn.tanny@northwestern.edu_04_SEQ1679327A_010320E
S-11791_oECA306_E05_robyn.tanny@northwestern.edu_04_SEQ1679327A_010320E	34	213	robyn.tanny@northwestern.edu_04_SEQ1679327A_010320E
S-11825_oECA306_G07_robyn.tanny@northwestern.edu_04_SEQ1679327A_010320E	41	506	robyn.tanny@northwestern.edu_04_SEQ1679327A_010320E
S-11827_oECA306_A08_robyn.tanny@northwestern.edu_04_SEQ1679327A_010320E	32	67	robyn.tanny@northwestern.edu_04_SEQ1679327A_010320E
S-11754_oECA306_C03_robyn.tanny@northwestern.edu_04_SEQ1679327A_010320E	37	203	robyn.tanny@northwestern.edu_04_SEQ1679327A_010320E
S-11746_oECA306_H02_robyn.tanny@northwestern.edu_04_SEQ1679327A_010320E	19	44	robyn.tanny@northwestern.edu_04_SEQ1679327A_010320E
S-11777_oECA306_E04_robyn.tanny@northwestern.edu_04_SEQ1679327A_010320E	24	105	robyn.tanny@northwestern.edu_04_SEQ1679327A_010320E
S-11837_oECA306_F08_robyn.tanny@northwestern.edu_04_SEQ1679327A_010320E	47	13	robyn.tanny@northwestern.edu_04_SEQ1679327A_010320E
S-11790_oECA306_D05_robyn.tanny@northwestern.edu_04_SEQ1679327A_010320E	24	97	robyn.tanny@northwestern.edu_04_SEQ1679327A_010320E
S-11806_oECA306_G06_robyn.tanny@northwestern.edu_04_SEQ1679327A_010320E	25	3	robyn.tanny@northwestern.edu_04_SEQ1679327A_010320E
S-11769_oECA306_A04_robyn.tanny@northwestern.edu_04_SEQ1679327A_010320E	29	226	robyn.tanny@northwestern.edu_04_SEQ1679327A_010320E
S-11829_oECA306_B08_robyn.tanny@northwestern.edu_04_SEQ1679327A_010320E	17	96	robyn.tanny@northwestern.edu_04_SEQ1679327A_010320E
S-11780_oECA306_G04_robyn.tanny@northwestern.edu_04_SEQ1679327A_010320E	28	308	robyn.tanny@northwestern.edu_04_SEQ1679327A_010320E
S-11797_oECA306_B06_robyn.tanny@northwestern.edu_04_SEQ1679327A_010320E	39	203	robyn.tanny@northwestern.edu_04_SEQ1679327A_010320E
S-11727_oECA306_D01_robyn.tanny@northwestern.edu_04_SEQ1679327A_010320E	35	94	robyn.tanny@northwestern.edu_04_SEQ1679327A_010320E
S-11892_oECA306_G12_robyn.tanny@northwestern.edu_04_SEQ1679327A_010320E	162	82	robyn.tanny@northwestern.edu_04_SEQ1679327A_010320E
S-11870_oECA306_H10_robyn.tanny@northwestern.edu_04_SEQ1679327A_010320E	16	136	robyn.tanny@northwestern.edu_04_SEQ1679327A_010320E
S-11851_oECA306_H09_robyn.tanny@northwestern.edu_04_SEQ1679327A_010320E	30	95	robyn.tanny@northwestern.edu_04_SEQ1679327A_010320E
S-12440_oECA306_H09_robyn.tanny@northwestern.edu_08_SEQ1683177A_011320F	66	18	robyn.tanny@northwestern.edu_08_SEQ1683177A_011320F
S-11509_oECA306_A05_robyn.tanny@northwestern.edu_08_SEQ1683177A_011320F	38	3	robyn.tanny@northwestern.edu_08_SEQ1683177A_011320F
S-11637_oECA306_E09_robyn.tanny@northwestern.edu_08_SEQ1683177A_011320F	32	56	robyn.tanny@northwestern.edu_08_SEQ1683177A_011320F
S-11540_oECA306_D06_robyn.tanny@northwestern.edu_08_SEQ1683177A_011320F	32	148	robyn.tanny@northwestern.edu_08_SEQ1683177A_011320F
S-11501_oECA306_E04_robyn.tanny@northwestern.edu_08_SEQ1683177A_011320F	28	65	robyn.tanny@northwestern.edu_08_SEQ1683177A_011320F
S-11372_oECA306_E01_robyn.tanny@northwestern.edu_08_SEQ1683177A_011320F	31	94	robyn.tanny@northwestern.edu_08_SEQ1683177A_011320F
S-11546_oECA306_G06_robyn.tanny@northwestern.edu_08_SEQ1683177A_011320F	34	9	robyn.tanny@northwestern.edu_08_SEQ1683177A_011320F
S-11626_oECA306_A09_robyn.tanny@northwestern.edu_08_SEQ1683177A_011320F	36	69	robyn.tanny@northwestern.edu_08_SEQ1683177A_011320F
S-12463_oECA306_B10_robyn.tanny@northwestern.edu_08_SEQ1683177A_011320F	32	74	robyn.tanny@northwestern.edu_08_SEQ1683177A_011320F
S-12457_oECA306_A10_robyn.tanny@northwestern.edu_08_SEQ1683177A_011320F	35	97	robyn.tanny@northwestern.edu_08_SEQ1683177A_011320F
S-11581_oECA306_A08_robyn.tanny@northwestern.edu_08_SEQ1683177A_011320F	25	76	robyn.tanny@northwestern.edu_08_SEQ1683177A_011320F
S-11500_oECA306_D04_robyn.tanny@northwestern.edu_08_SEQ1683177A_011320F	25	140	robyn.tanny@northwestern.edu_08_SEQ1683177A_011320F
S-12592_oECA306_C11_robyn.tanny@northwestern.edu_08_SEQ1683177A_011320F	30	207	robyn.tanny@northwestern.edu_08_SEQ1683177A_011320F
S-11517_oECA306_C05_robyn.tanny@northwestern.edu_08_SEQ1683177A_011320F	35	135	robyn.tanny@northwestern.edu_08_SEQ1683177A_011320F
S-11484_oECA306_G03_robyn.tanny@northwestern.edu_08_SEQ1683177A_011320F	19	52	robyn.tanny@northwestern.edu_08_SEQ1683177A_011320F
S-11417_oECA306_A03_robyn.tanny@northwestern.edu_08_SEQ1683177A_011320F	33	70	robyn.tanny@northwestern.edu_08_SEQ1683177A_011320F
S-11541_oECA306_E06_robyn.tanny@northwestern.edu_08_SEQ1683177A_011320F	37	1	robyn.tanny@northwestern.edu_08_SEQ1683177A_011320F
S-11373_oECA306_F01_robyn.tanny@northwestern.edu_08_SEQ1683177A_011320F	44	4	robyn.tanny@northwestern.edu_08_SEQ1683177A_011320F
S-12646_oECA306_E11_robyn.tanny@northwestern.edu_08_SEQ1683177A_011320F	33	60	robyn.tanny@northwestern.edu_08_SEQ1683177A_011320F
S-11624_oECA306_H08_robyn.tanny@northwestern.edu_08_SEQ1683177A_011320F	41	27	robyn.tanny@northwestern.edu_08_SEQ1683177A_011320F
S-11548_oECA306_A07_robyn.tanny@northwestern.edu_08_SEQ1683177A_011320F	31	139	robyn.tanny@northwestern.edu_08_SEQ1683177A_011320F
S-11615_oECA306_G08_robyn.tanny@northwestern.edu_08_SEQ1683177A_011320F	-	-	robyn.tanny@northwestern.edu_08_SEQ1683177A_011320F
S-11629_oECA306_B09_robyn.tanny@northwestern.edu_08_SEQ1683177A_011320F	12	162	robyn.tanny@northwestern.edu_08_SEQ1683177A_011320F
S-11518_oECA306_D05_robyn.tanny@northwestern.edu_08_SEQ1683177A_011320F	30	7	robyn.tanny@northwestern.edu_08_SEQ1683177A_011320F
S-11510_oECA306_B05_robyn.tanny@northwestern.edu_08_SEQ1683177A_011320F	31	179	robyn.tanny@northwestern.edu_08_SEQ1683177A_011320F
S-11504_oECA306_H04_robyn.tanny@northwestern.edu_08_SEQ1683177A_011320F	32	80	robyn.tanny@northwestern.edu_08_SEQ1683177A_011320F
S-12544_oECA306_H10_robyn.tanny@northwestern.edu_08_SEQ1683177A_011320F	28	162	robyn.tanny@northwestern.edu_08_SEQ1683177A_011320F
S-11586_oECA306_F08_robyn.tanny@northwestern.edu_08_SEQ1683177A_011320F	34	73	robyn.tanny@northwestern.edu_08_SEQ1683177A_011320F
S-11374_oECA306_G01_robyn.tanny@northwestern.edu_08_SEQ1683177A_011320F	30	8	robyn.tanny@northwestern.edu_08_SEQ1683177A_011320F
S-11523_oECA306_G05_robyn.tanny@northwestern.edu_08_SEQ1683177A_011320F	29	261	robyn.tanny@northwestern.edu_08_SEQ1683177A_011320F
S-12516_oECA306_E10_robyn.tanny@northwestern.edu_08_SEQ1683177A_011320F	26	18	robyn.tanny@northwestern.edu_08_SEQ1683177A_011320F
S-11572_oECA306_G07_robyn.tanny@northwestern.edu_08_SEQ1683177A_011320F	16	20	robyn.tanny@northwestern.edu_08_SEQ1683177A_011320F
S-11418_oECA306_B03_robyn.tanny@northwestern.edu_08_SEQ1683177A_011320F	32	1	robyn.tanny@northwestern.edu_08_SEQ1683177A_011320F
S-11522_oECA306_F05_robyn.tanny@northwestern.edu_08_SEQ1683177A_011320F	33	233	robyn.tanny@northwestern.edu_08_SEQ1683177A_011320F
S-12551_oECA306_A11_robyn.tanny@northwestern.edu_08_SEQ1683177A_011320F	27	85	robyn.tanny@northwestern.edu_08_SEQ1683177A_011320F
S-11549_oECA306_B07_robyn.tanny@northwestern.edu_08_SEQ1683177A_011320F	32	140	robyn.tanny@northwestern.edu_08_SEQ1683177A_011320F
S-12648_oECA306_F11_robyn.tanny@northwestern.edu_08_SEQ1683177A_011320F	21	60	robyn.tanny@northwestern.edu_08_SEQ1683177A_011320F
S-11519_oECA306_E05_robyn.tanny@northwestern.edu_08_SEQ1683177A_011320F	34	3	robyn.tanny@northwestern.edu_08_SEQ1683177A_011320F
S-12438_oECA306_G09_robyn.tanny@northwestern.edu_08_SEQ1683177A_011320F	28	6	robyn.tanny@northwestern.edu_08_SEQ1683177A_011320F
S-12464_oECA306_C10_robyn.tanny@northwestern.edu_08_SEQ1683177A_011320F	27	103	robyn.tanny@northwestern.edu_08_SEQ1683177A_011320F
S-11339_oECA306_C01_robyn.tanny@northwestern.edu_08_SEQ1683177A_011320F	32	178	robyn.tanny@northwestern.edu_08_SEQ1683177A_011320F
S-11375_oECA306_H01_robyn.tanny@northwestern.edu_08_SEQ1683177A_011320F	32	4	robyn.tanny@northwestern.edu_08_SEQ1683177A_011320F
S-11584_oECA306_D08_robyn.tanny@northwestern.edu_08_SEQ1683177A_011320F	28	61	robyn.tanny@northwestern.edu_08_SEQ1683177A_011320F
S-11573_oECA306_H07_robyn.tanny@northwestern.edu_08_SEQ1683177A_011320F	26	142	robyn.tanny@northwestern.edu_08_SEQ1683177A_011320F
S-11544_oECA306_F06_robyn.tanny@northwestern.edu_08_SEQ1683177A_011320F	36	3	robyn.tanny@northwestern.edu_08_SEQ1683177A_011320F
S-11570_oECA306_E07_robyn.tanny@northwestern.edu_08_SEQ1683177A_011320F	33	94	robyn.tanny@northwestern.edu_08_SEQ1683177A_011320F
S-11388_oECA306_D02_robyn.tanny@northwestern.edu_08_SEQ1683177A_011320F	-	-	robyn.tanny@northwestern.edu_08_SEQ1683177A_011320F
S-11536_oECA306_B06_robyn.tanny@northwestern.edu_08_SEQ1683177A_011320F	33	214	robyn.tanny@northwestern.edu_08_SEQ1683177A_011320F
S-11342_oECA306_D01_robyn.tanny@northwestern.edu_08_SEQ1683177A_011320F	33	1	robyn.tanny@northwestern.edu_08_SEQ1683177A_011320F
S-12479_oECA306_D10_robyn.tanny@northwestern.edu_08_SEQ1683177A_011320F	33	34	robyn.tanny@northwestern.edu_08_SEQ1683177A_011320F
S-11445_oECA306_C03_robyn.tanny@northwestern.edu_08_SEQ1683177A_011320F	34	3	robyn.tanny@northwestern.edu_08_SEQ1683177A_011320F
S-11488_oECA306_C04_robyn.tanny@northwestern.edu_08_SEQ1683177A_011320F	24	169	robyn.tanny@northwestern.edu_08_SEQ1683177A_011320F
S-11526_oECA306_A06_robyn.tanny@northwestern.edu_08_SEQ1683177A_011320F	31	1	robyn.tanny@northwestern.edu_08_SEQ1683177A_011320F
S-11635_oECA306_D09_robyn.tanny@northwestern.edu_08_SEQ1683177A_011320F	26	124	robyn.tanny@northwestern.edu_08_SEQ1683177A_011320F
S-11571_oECA306_F07_robyn.tanny@northwestern.edu_08_SEQ1683177A_011320F	25	75	robyn.tanny@northwestern.edu_08_SEQ1683177A_011320F
S-11467_oECA306_F03_robyn.tanny@northwestern.edu_08_SEQ1683177A_011320F	33	3	robyn.tanny@northwestern.edu_08_SEQ1683177A_011320F
S-11455_oECA306_D03_robyn.tanny@northwestern.edu_08_SEQ1683177A_011320F	31	22	robyn.tanny@northwestern.edu_08_SEQ1683177A_011320F
S-11633_oECA306_C09_robyn.tanny@northwestern.edu_08_SEQ1683177A_011320F	25	168	robyn.tanny@northwestern.edu_08_SEQ1683177A_011320F
S-11338_oECA306_B01_robyn.tanny@northwestern.edu_08_SEQ1683177A_011320F	34	2	robyn.tanny@northwestern.edu_08_SEQ1683177A_011320F
S-11585_oECA306_E08_robyn.tanny@northwestern.edu_08_SEQ1683177A_011320F	32	83	robyn.tanny@northwestern.edu_08_SEQ1683177A_011320F
S-11461_oECA306_E03_robyn.tanny@northwestern.edu_08_SEQ1683177A_011320F	32	71	robyn.tanny@northwestern.edu_08_SEQ1683177A_011320F
S-12528_oECA306_F10_robyn.tanny@northwestern.edu_08_SEQ1683177A_011320F	25	56	robyn.tanny@northwestern.edu_08_SEQ1683177A_011320F
S-12357_oECA306_F09_robyn.tanny@northwestern.edu_08_SEQ1683177A_011320F	24	111	robyn.tanny@northwestern.edu_08_SEQ1683177A_011320F
S-11568_oECA306_C07_robyn.tanny@northwestern.edu_08_SEQ1683177A_011320F	33	13	robyn.tanny@northwestern.edu_08_SEQ1683177A_011320F
S-11503_oECA306_G04_robyn.tanny@northwestern.edu_08_SEQ1683177A_011320F	31	104	robyn.tanny@northwestern.edu_08_SEQ1683177A_011320F
S-12543_oECA306_G10_robyn.tanny@northwestern.edu_08_SEQ1683177A_011320F	24	283	robyn.tanny@northwestern.edu_08_SEQ1683177A_011320F
S-11547_oECA306_H06_robyn.tanny@northwestern.edu_08_SEQ1683177A_011320F	21	188	robyn.tanny@northwestern.edu_08_SEQ1683177A_011320F
S-11391_oECA306_E02_robyn.tanny@northwestern.edu_08_SEQ1683177A_011320F	31	3	robyn.tanny@northwestern.edu_08_SEQ1683177A_011320F
S-11416_oECA306_H02_robyn.tanny@northwestern.edu_08_SEQ1683177A_011320F	34	2	robyn.tanny@northwestern.edu_08_SEQ1683177A_011320F
S-11386_oECA306_B02_robyn.tanny@northwestern.edu_08_SEQ1683177A_011320F	29	73	robyn.tanny@northwestern.edu_08_SEQ1683177A_011320F
S-11377_oECA306_A02_robyn.tanny@northwestern.edu_08_SEQ1683177A_011320F	32	2	robyn.tanny@northwestern.edu_08_SEQ1683177A_011320F
S-11583_oECA306_C08_robyn.tanny@northwestern.edu_08_SEQ1683177A_011320F	28	75	robyn.tanny@northwestern.edu_08_SEQ1683177A_011320F
S-12588_oECA306_B11_robyn.tanny@northwestern.edu_08_SEQ1683177A_011320F	35	138	robyn.tanny@northwestern.edu_08_SEQ1683177A_011320F
S-11415_oECA306_G02_robyn.tanny@northwestern.edu_08_SEQ1683177A_011320F	37	1	robyn.tanny@northwestern.edu_08_SEQ1683177A_011320F
S-11569_oECA306_D07_robyn.tanny@northwestern.edu_08_SEQ1683177A_011320F	27	97	robyn.tanny@northwestern.edu_08_SEQ1683177A_011320F
S-11539_oECA306_C06_robyn.tanny@northwestern.edu_08_SEQ1683177A_011320F	30	234	robyn.tanny@northwestern.edu_08_SEQ1683177A_011320F
S-11524_oECA306_H05_robyn.tanny@northwestern.edu_08_SEQ1683177A_011320F	34	149	robyn.tanny@northwestern.edu_08_SEQ1683177A_011320F
S-11487_oECA306_B04_robyn.tanny@northwestern.edu_08_SEQ1683177A_011320F	26	91	robyn.tanny@northwestern.edu_08_SEQ1683177A_011320F
S-11414_oECA306_F02_robyn.tanny@northwestern.edu_08_SEQ1683177A_011320F	35	2	robyn.tanny@northwestern.edu_08_SEQ1683177A_011320F
S-11485_oECA306_H03_robyn.tanny@northwestern.edu_08_SEQ1683177A_011320F	20	57	robyn.tanny@northwestern.edu_08_SEQ1683177A_011320F
S-11337_oECA306_A01_robyn.tanny@northwestern.edu_08_SEQ1683177A_011320F	34	42	robyn.tanny@northwestern.edu_08_SEQ1683177A_011320F
S-12604_oECA306_D11_robyn.tanny@northwestern.edu_08_SEQ1683177A_011320F	30	280	robyn.tanny@northwestern.edu_08_SEQ1683177A_011320F
S-11486_oECA306_A04_robyn.tanny@northwestern.edu_08_SEQ1683177A_011320F	25	54	robyn.tanny@northwestern.edu_08_SEQ1683177A_011320F
S-11502_oECA306_F04_robyn.tanny@northwestern.edu_08_SEQ1683177A_011320F	25	38	robyn.tanny@northwestern.edu_08_SEQ1683177A_011320F
S-11582_oECA306_B08_robyn.tanny@northwestern.edu_08_SEQ1683177A_011320F	14	32	robyn.tanny@northwestern.edu_08_SEQ1683177A_011320F
S-11387_oECA306_C02_robyn.tanny@northwestern.edu_08_SEQ1683177A_011320F	39	2	robyn.tanny@northwestern.edu_08_SEQ1683177A_011320F
S-11961_oECA306_D04_robyn.tanny@northwestern.edu_05_SEQ1679327A_010320F	27	22	robyn.tanny@northwestern.edu_05_SEQ1679327A_010320F
S-11903_oECA306_E01_robyn.tanny@northwestern.edu_05_SEQ1679327A_010320F	30	61	robyn.tanny@northwestern.edu_05_SEQ1679327A_010320F
S-12135_oECA306_F10_robyn.tanny@northwestern.edu_05_SEQ1679327A_010320F	35	101	robyn.tanny@northwestern.edu_05_SEQ1679327A_010320F
S-11960_oECA306_C04_robyn.tanny@northwestern.edu_05_SEQ1679327A_010320F	31	32	robyn.tanny@northwestern.edu_05_SEQ1679327A_010320F
S-11942_oECA306_D02_robyn.tanny@northwestern.edu_05_SEQ1679327A_010320F	36	51	robyn.tanny@northwestern.edu_05_SEQ1679327A_010320F
S-12097_oECA306_E08_robyn.tanny@northwestern.edu_05_SEQ1679327A_010320F	28	7	robyn.tanny@northwestern.edu_05_SEQ1679327A_010320F
S-12049_oECA306_C06_robyn.tanny@northwestern.edu_05_SEQ1679327A_010320F	36	121	robyn.tanny@northwestern.edu_05_SEQ1679327A_010320F
S-12162_oECA306_E11_robyn.tanny@northwestern.edu_05_SEQ1679327A_010320F	37	15	robyn.tanny@northwestern.edu_05_SEQ1679327A_010320F
S-11947_oECA306_H02_robyn.tanny@northwestern.edu_05_SEQ1679327A_010320F	35	125	robyn.tanny@northwestern.edu_05_SEQ1679327A_010320F
S-12105_oECA306_D09_robyn.tanny@northwestern.edu_05_SEQ1679327A_010320F	27	1	robyn.tanny@northwestern.edu_05_SEQ1679327A_010320F
S-12100_oECA306_H08_robyn.tanny@northwestern.edu_05_SEQ1679327A_010320F	-	-	robyn.tanny@northwestern.edu_05_SEQ1679327A_010320F
S-12115_oECA306_G09_robyn.tanny@northwestern.edu_05_SEQ1679327A_010320F	282	160	robyn.tanny@northwestern.edu_05_SEQ1679327A_010320F
S-11952_oECA306_C03_robyn.tanny@northwestern.edu_05_SEQ1679327A_010320F	48	22	robyn.tanny@northwestern.edu_05_SEQ1679327A_010320F
S-11943_oECA306_E02_robyn.tanny@northwestern.edu_05_SEQ1679327A_010320F	64	115	robyn.tanny@northwestern.edu_05_SEQ1679327A_010320F
S-12096_oECA306_D08_robyn.tanny@northwestern.edu_05_SEQ1679327A_010320F	45	56	robyn.tanny@northwestern.edu_05_SEQ1679327A_010320F
S-12118_oECA306_A10_robyn.tanny@northwestern.edu_05_SEQ1679327A_010320F	91	143	robyn.tanny@northwestern.edu_05_SEQ1679327A_010320F
S-11953_oECA306_D03_robyn.tanny@northwestern.edu_05_SEQ1679327A_010320F	31	86	robyn.tanny@northwestern.edu_05_SEQ1679327A_010320F
S-12172_oECA306_B12_robyn.tanny@northwestern.edu_05_SEQ1679327A_010320F	30	2	robyn.tanny@northwestern.edu_05_SEQ1679327A_010320F
S-12163_oECA306_F11_robyn.tanny@northwestern.edu_05_SEQ1679327A_010320F	23	77	robyn.tanny@northwestern.edu_05_SEQ1679327A_010320F
S-12170_oECA306_H11_robyn.tanny@northwestern.edu_05_SEQ1679327A_010320F	31	141	robyn.tanny@northwestern.edu_05_SEQ1679327A_010320F
S-12104_oECA306_C09_robyn.tanny@northwestern.edu_05_SEQ1679327A_010320F	44	121	robyn.tanny@northwestern.edu_05_SEQ1679327A_010320F
S-12102_oECA306_B09_robyn.tanny@northwestern.edu_05_SEQ1679327A_010320F	18	34	robyn.tanny@northwestern.edu_05_SEQ1679327A_010320F
S-12137_oECA306_H10_robyn.tanny@northwestern.edu_05_SEQ1679327A_010320F	31	35	robyn.tanny@northwestern.edu_05_SEQ1679327A_010320F
S-11969_oECA306_F04_robyn.tanny@northwestern.edu_05_SEQ1679327A_010320F	23	10	robyn.tanny@northwestern.edu_05_SEQ1679327A_010320F
S-12116_oECA306_H09_robyn.tanny@northwestern.edu_05_SEQ1679327A_010320F	33	15	robyn.tanny@northwestern.edu_05_SEQ1679327A_010320F
S-11902_oECA306_D01_robyn.tanny@northwestern.edu_05_SEQ1679327A_010320F	445	95	robyn.tanny@northwestern.edu_05_SEQ1679327A_010320F
S-12134_oECA306_E10_robyn.tanny@northwestern.edu_05_SEQ1679327A_010320F	33	1	robyn.tanny@northwestern.edu_05_SEQ1679327A_010320F
S-11988_oECA306_A05_robyn.tanny@northwestern.edu_05_SEQ1679327A_010320F	33	81	robyn.tanny@northwestern.edu_05_SEQ1679327A_010320F
S-12098_oECA306_F08_robyn.tanny@northwestern.edu_05_SEQ1679327A_010320F	32	18	robyn.tanny@northwestern.edu_05_SEQ1679327A_010320F
S-11905_oECA306_G01_robyn.tanny@northwestern.edu_05_SEQ1679327A_010320F	24	5	robyn.tanny@northwestern.edu_05_SEQ1679327A_010320F
S-12185_oECA306_E12_robyn.tanny@northwestern.edu_05_SEQ1679327A_010320F	-	-	robyn.tanny@northwestern.edu_05_SEQ1679327A_010320F
S-12051_oECA306_E06_robyn.tanny@northwestern.edu_05_SEQ1679327A_010320F	39	121	robyn.tanny@northwestern.edu_05_SEQ1679327A_010320F
S-11939_oECA306_B02_robyn.tanny@northwestern.edu_05_SEQ1679327A_010320F	50	14	robyn.tanny@northwestern.edu_05_SEQ1679327A_010320F
S-11944_oECA306_F02_robyn.tanny@northwestern.edu_05_SEQ1679327A_010320F	41	163	robyn.tanny@northwestern.edu_05_SEQ1679327A_010320F
S-11991_oECA306_C05_robyn.tanny@northwestern.edu_05_SEQ1679327A_010320F	48	13	robyn.tanny@northwestern.edu_05_SEQ1679327A_010320F
S-11914_oECA306_A02_robyn.tanny@northwestern.edu_05_SEQ1679327A_010320F	38	75	robyn.tanny@northwestern.edu_05_SEQ1679327A_010320F
S-11954_oECA306_E03_robyn.tanny@northwestern.edu_05_SEQ1679327A_010320F	32	52	robyn.tanny@northwestern.edu_05_SEQ1679327A_010320F
S-12175_oECA306_C12_robyn.tanny@northwestern.edu_05_SEQ1679327A_010320F	29	29	robyn.tanny@northwestern.edu_05_SEQ1679327A_010320F
S-12122_oECA306_B10_robyn.tanny@northwestern.edu_05_SEQ1679327A_010320F	38	60	robyn.tanny@northwestern.edu_05_SEQ1679327A_010320F
S-12056_oECA306_A07_robyn.tanny@northwestern.edu_05_SEQ1679327A_010320F	18	206	robyn.tanny@northwestern.edu_05_SEQ1679327A_010320F
S-11898_oECA306_B01_robyn.tanny@northwestern.edu_05_SEQ1679327A_010320F	72	16	robyn.tanny@northwestern.edu_05_SEQ1679327A_010320F
S-11957_oECA306_H03_robyn.tanny@northwestern.edu_05_SEQ1679327A_010320F	38	96	robyn.tanny@northwestern.edu_05_SEQ1679327A_010320F
S-11945_oECA306_G02_robyn.tanny@northwestern.edu_05_SEQ1679327A_010320F	32	61	robyn.tanny@northwestern.edu_05_SEQ1679327A_010320F
S-12050_oECA306_D06_robyn.tanny@northwestern.edu_05_SEQ1679327A_010320F	29	165	robyn.tanny@northwestern.edu_05_SEQ1679327A_010320F
S-12184_oECA306_D12_robyn.tanny@northwestern.edu_05_SEQ1679327A_010320F	34	5	robyn.tanny@northwestern.edu_05_SEQ1679327A_010320F
S-11970_oECA306_G04_robyn.tanny@northwestern.edu_05_SEQ1679327A_010320F	26	21	robyn.tanny@northwestern.edu_05_SEQ1679327A_010320F
S-12055_oECA306_H06_robyn.tanny@northwestern.edu_05_SEQ1679327A_010320F	31	48	robyn.tanny@northwestern.edu_05_SEQ1679327A_010320F
S-11989_oECA306_B05_robyn.tanny@northwestern.edu_05_SEQ1679327A_010320F	29	5	robyn.tanny@northwestern.edu_05_SEQ1679327A_010320F
S-12041_oECA306_B06_robyn.tanny@northwestern.edu_05_SEQ1679327A_010320F	34	55	robyn.tanny@northwestern.edu_05_SEQ1679327A_010320F
S-12016_oECA306_A06_robyn.tanny@northwestern.edu_05_SEQ1679327A_010320F	33	54	robyn.tanny@northwestern.edu_05_SEQ1679327A_010320F
S-11938_oECA306_A03_robyn.tanny@northwestern.edu_05_SEQ1679327A_010320F	30	92	robyn.tanny@northwestern.edu_05_SEQ1679327A_010320F
S-11955_oECA306_F03_robyn.tanny@northwestern.edu_05_SEQ1679327A_010320F	39	7	robyn.tanny@northwestern.edu_05_SEQ1679327A_010320F
S-12075_oECA306_C07_robyn.tanny@northwestern.edu_05_SEQ1679327A_010320F	33	44	robyn.tanny@northwestern.edu_05_SEQ1679327A_010320F
S-11904_oECA306_F01_robyn.tanny@northwestern.edu_05_SEQ1679327A_010320F	29	20	robyn.tanny@northwestern.edu_05_SEQ1679327A_010320F
S-12099_oECA306_G08_robyn.tanny@northwestern.edu_05_SEQ1679327A_010320F	25	185	robyn.tanny@northwestern.edu_05_SEQ1679327A_010320F
S-12002_oECA306_G05_robyn.tanny@northwestern.edu_05_SEQ1679327A_010320F	34	81	robyn.tanny@northwestern.edu_05_SEQ1679327A_010320F
S-11900_oECA306_C01_robyn.tanny@northwestern.edu_05_SEQ1679327A_010320F	20	56	robyn.tanny@northwestern.edu_05_SEQ1679327A_010320F
S-11992_oECA306_D05_robyn.tanny@northwestern.edu_05_SEQ1679327A_010320F	27	1	robyn.tanny@northwestern.edu_05_SEQ1679327A_010320F
S-12169_oECA306_G11_robyn.tanny@northwestern.edu_05_SEQ1679327A_010320F	17	153	robyn.tanny@northwestern.edu_05_SEQ1679327A_010320F
S-12130_oECA306_C10_robyn.tanny@northwestern.edu_05_SEQ1679327A_010320F	29	58	robyn.tanny@northwestern.edu_05_SEQ1679327A_010320F
S-11912_oECA306_H01_robyn.tanny@northwestern.edu_05_SEQ1679327A_010320F	30	83	robyn.tanny@northwestern.edu_05_SEQ1679327A_010320F
S-12090_oECA306_F07_robyn.tanny@northwestern.edu_05_SEQ1679327A_010320F	33	252	robyn.tanny@northwestern.edu_05_SEQ1679327A_010320F
S-11956_oECA306_G03_robyn.tanny@northwestern.edu_05_SEQ1679327A_010320F	24	18	robyn.tanny@northwestern.edu_05_SEQ1679327A_010320F
S-12204_oECA306_G12_robyn.tanny@northwestern.edu_05_SEQ1679327A_010320F	224	15	robyn.tanny@northwestern.edu_05_SEQ1679327A_010320F
S-12060_oECA306_B07_robyn.tanny@northwestern.edu_05_SEQ1679327A_010320F	30	88	robyn.tanny@northwestern.edu_05_SEQ1679327A_010320F
S-12131_oECA306_D10_robyn.tanny@northwestern.edu_05_SEQ1679327A_010320F	37	14	robyn.tanny@northwestern.edu_05_SEQ1679327A_010320F
S-12006_oECA306_H05_robyn.tanny@northwestern.edu_05_SEQ1679327A_010320F	27	236	robyn.tanny@northwestern.edu_05_SEQ1679327A_010320F
S-12092_oECA306_H07_robyn.tanny@northwestern.edu_05_SEQ1679327A_010320F	49	151	robyn.tanny@northwestern.edu_05_SEQ1679327A_010320F
S-11940_oECA306_C02_robyn.tanny@northwestern.edu_05_SEQ1679327A_010320F	69	3	robyn.tanny@northwestern.edu_05_SEQ1679327A_010320F
S-12154_oECA306_C11_robyn.tanny@northwestern.edu_05_SEQ1679327A_010320F	27	125	robyn.tanny@northwestern.edu_05_SEQ1679327A_010320F
S-12093_oECA306_A08_robyn.tanny@northwestern.edu_05_SEQ1679327A_010320F	36	190	robyn.tanny@northwestern.edu_05_SEQ1679327A_010320F
S-12186_oECA306_F12_robyn.tanny@northwestern.edu_05_SEQ1679327A_010320F	37	29	robyn.tanny@northwestern.edu_05_SEQ1679327A_010320F
S-12052_oECA306_F06_robyn.tanny@northwestern.edu_05_SEQ1679327A_010320F	25	244	robyn.tanny@northwestern.edu_05_SEQ1679327A_010320F
S-11971_oECA306_H04_robyn.tanny@northwestern.edu_05_SEQ1679327A_010320F	39	22	robyn.tanny@northwestern.edu_05_SEQ1679327A_010320F
S-11993_oECA306_E05_robyn.tanny@northwestern.edu_05_SEQ1679327A_010320F	31	150	robyn.tanny@northwestern.edu_05_SEQ1679327A_010320F
S-12054_oECA306_G06_robyn.tanny@northwestern.edu_05_SEQ1679327A_010320F	37	111	robyn.tanny@northwestern.edu_05_SEQ1679327A_010320F
S-12138_oECA306_A11_robyn.tanny@northwestern.edu_05_SEQ1679327A_010320F	27	95	robyn.tanny@northwestern.edu_05_SEQ1679327A_010320F
S-12091_oECA306_G07_robyn.tanny@northwestern.edu_05_SEQ1679327A_010320F	49	262	robyn.tanny@northwestern.edu_05_SEQ1679327A_010320F
S-11895_oECA306_A01_robyn.tanny@northwestern.edu_05_SEQ1679327A_010320F	26	79	robyn.tanny@northwestern.edu_05_SEQ1679327A_010320F
S-12094_oECA306_B08_robyn.tanny@northwestern.edu_05_SEQ1679327A_010320F	36	40	robyn.tanny@northwestern.edu_05_SEQ1679327A_010320F
S-12089_oECA306_E07_robyn.tanny@northwestern.edu_05_SEQ1679327A_010320F	32	245	robyn.tanny@northwestern.edu_05_SEQ1679327A_010320F
S-11994_oECA306_F05_robyn.tanny@northwestern.edu_05_SEQ1679327A_010320F	58	45	robyn.tanny@northwestern.edu_05_SEQ1679327A_010320F
S-11959_oECA306_B04_robyn.tanny@northwestern.edu_05_SEQ1679327A_010320F	32	28	robyn.tanny@northwestern.edu_05_SEQ1679327A_010320F
S-12171_oECA306_A12_robyn.tanny@northwestern.edu_05_SEQ1679327A_010320F	39	1	robyn.tanny@northwestern.edu_05_SEQ1679327A_010320F
S-12153_oECA306_B11_robyn.tanny@northwestern.edu_05_SEQ1679327A_010320F	29	112	robyn.tanny@northwestern.edu_05_SEQ1679327A_010320F
S-12106_oECA306_E09_robyn.tanny@northwestern.edu_05_SEQ1679327A_010320F	28	4	robyn.tanny@northwestern.edu_05_SEQ1679327A_010320F
S-12101_oECA306_A09_robyn.tanny@northwestern.edu_05_SEQ1679327A_010320F	26	21	robyn.tanny@northwestern.edu_05_SEQ1679327A_010320F
S-11951_oECA306_B03_robyn.tanny@northwestern.edu_05_SEQ1679327A_010320F	27	59	robyn.tanny@northwestern.edu_05_SEQ1679327A_010320F
S-12161_oECA306_D11_robyn.tanny@northwestern.edu_05_SEQ1679327A_010320F	20	168	robyn.tanny@northwestern.edu_05_SEQ1679327A_010320F
S-12136_oECA306_G10_robyn.tanny@northwestern.edu_05_SEQ1679327A_010320F	30	31	robyn.tanny@northwestern.edu_05_SEQ1679327A_010320F
S-12206_oECA306_H12_robyn.tanny@northwestern.edu_05_SEQ1679327A_010320F	109	3	robyn.tanny@northwestern.edu_05_SEQ1679327A_010320F
S-12107_oECA306_F09_robyn.tanny@northwestern.edu_05_SEQ1679327A_010320F	25	9	robyn.tanny@northwestern.edu_05_SEQ1679327A_010320F
S-12095_oECA306_C08_robyn.tanny@northwestern.edu_05_SEQ1679327A_010320F	359	7	robyn.tanny@northwestern.edu_05_SEQ1679327A_010320F
S-12088_oECA306_D07_robyn.tanny@northwestern.edu_05_SEQ1679327A_010320F	34	322	robyn.tanny@northwestern.edu_05_SEQ1679327A_010320F
S-11958_oECA306_A04_robyn.tanny@northwestern.edu_05_SEQ1679327A_010320F	35	250	robyn.tanny@northwestern.edu_05_SEQ1679327A_010320F
S-11962_oECA306_E04_robyn.tanny@northwestern.edu_05_SEQ1679327A_010320F	27	22	robyn.tanny@northwestern.edu_05_SEQ1679327A_010320F
S-12256_oECA306_G03_robyn.tanny@northwestern.edu_06_SEQ1679327A_010320G	37	85	robyn.tanny@northwestern.edu_06_SEQ1679327A_010320G
S-10810_oECA306_G11_robyn.tanny@northwestern.edu_06_SEQ1679327A_010320G	39	80	robyn.tanny@northwestern.edu_06_SEQ1679327A_010320G
S-12333_oECA306_D07_robyn.tanny@northwestern.edu_06_SEQ1679327A_010320G	25	41	robyn.tanny@northwestern.edu_06_SEQ1679327A_010320G
S-10720_oECA306_F10_robyn.tanny@northwestern.edu_06_SEQ1679327A_010320G	9	197	robyn.tanny@northwestern.edu_06_SEQ1679327A_010320G
S-10787_oECA306_C11_robyn.tanny@northwestern.edu_06_SEQ1679327A_010320G	-	-	robyn.tanny@northwestern.edu_06_SEQ1679327A_010320G
S-10593_oECA306_F09_robyn.tanny@northwestern.edu_06_SEQ1679327A_010320G	37	5	robyn.tanny@northwestern.edu_06_SEQ1679327A_010320G
S-12332_oECA306_C07_robyn.tanny@northwestern.edu_06_SEQ1679327A_010320G	39	6	robyn.tanny@northwestern.edu_06_SEQ1679327A_010320G
S-12281_oECA306_H04_robyn.tanny@northwestern.edu_06_SEQ1679327A_010320G	49	1	robyn.tanny@northwestern.edu_06_SEQ1679327A_010320G
S-10900_oECA306_B12_robyn.tanny@northwestern.edu_06_SEQ1679327A_010320G	50	78	robyn.tanny@northwestern.edu_06_SEQ1679327A_010320G
S-12285_oECA306_A05_robyn.tanny@northwestern.edu_06_SEQ1679327A_010320G	30	6	robyn.tanny@northwestern.edu_06_SEQ1679327A_010320G
S-12318_oECA306_D06_robyn.tanny@northwestern.edu_06_SEQ1679327A_010320G	23	51	robyn.tanny@northwestern.edu_06_SEQ1679327A_010320G
S-12207_oECA306_A01_robyn.tanny@northwestern.edu_06_SEQ1679327A_010320G	56	12	robyn.tanny@northwestern.edu_06_SEQ1679327A_010320G
S-12235_oECA306_A03_robyn.tanny@northwestern.edu_06_SEQ1679327A_010320G	36	90	robyn.tanny@northwestern.edu_06_SEQ1679327A_010320G
S-10584_oECA306_E09_robyn.tanny@northwestern.edu_06_SEQ1679327A_010320G	27	4	robyn.tanny@northwestern.edu_06_SEQ1679327A_010320G
S-12232_oECA306_G02_robyn.tanny@northwestern.edu_06_SEQ1679327A_010320G	40	8	robyn.tanny@northwestern.edu_06_SEQ1679327A_010320G
S-10680_oECA306_E10_robyn.tanny@northwestern.edu_06_SEQ1679327A_010320G	46	6	robyn.tanny@northwestern.edu_06_SEQ1679327A_010320G
S-10834_oECA306_A12_robyn.tanny@northwestern.edu_06_SEQ1679327A_010320G	-	-	robyn.tanny@northwestern.edu_06_SEQ1679327A_010320G
S-10779_oECA306_A11_robyn.tanny@northwestern.edu_06_SEQ1679327A_010320G	-	-	robyn.tanny@northwestern.edu_06_SEQ1679327A_010320G
S-12217_oECA306_G01_robyn.tanny@northwestern.edu_06_SEQ1679327A_010320G	26	4	robyn.tanny@northwestern.edu_06_SEQ1679327A_010320G
S-12316_oECA306_B06_robyn.tanny@northwestern.edu_06_SEQ1679327A_010320G	27	36	robyn.tanny@northwestern.edu_06_SEQ1679327A_010320G
S-12314_oECA306_H05_robyn.tanny@northwestern.edu_06_SEQ1679327A_010320G	27	5	robyn.tanny@northwestern.edu_06_SEQ1679327A_010320G
S-12350_oECA306_G07_robyn.tanny@northwestern.edu_06_SEQ1679327A_010320G	35	90	robyn.tanny@northwestern.edu_06_SEQ1679327A_010320G
S-12301_oECA306_G05_robyn.tanny@northwestern.edu_06_SEQ1679327A_010320G	46	42	robyn.tanny@northwestern.edu_06_SEQ1679327A_010320G
S-10524_oECA306_A09_robyn.tanny@northwestern.edu_06_SEQ1679327A_010320G	42	6	robyn.tanny@northwestern.edu_06_SEQ1679327A_010320G
S-10789_oECA306_E11_robyn.tanny@northwestern.edu_06_SEQ1679327A_010320G	28	6	robyn.tanny@northwestern.edu_06_SEQ1679327A_010320G
S-12329_oECA306_H06_robyn.tanny@northwestern.edu_06_SEQ1679327A_010320G	23	203	robyn.tanny@northwestern.edu_06_SEQ1679327A_010320G
S-10809_oECA306_F11_robyn.tanny@northwestern.edu_06_SEQ1679327A_010320G	212	15	robyn.tanny@northwestern.edu_06_SEQ1679327A_010320G
S-10451_oECA306_E08_robyn.tanny@northwestern.edu_06_SEQ1679327A_010320G	46	58	robyn.tanny@northwestern.edu_06_SEQ1679327A_010320G
S-10820_oECA306_H11_robyn.tanny@northwestern.edu_06_SEQ1679327A_010320G	78	5	robyn.tanny@northwestern.edu_06_SEQ1679327A_010320G
S-12347_oECA306_F07_robyn.tanny@northwestern.edu_06_SEQ1679327A_010320G	45	2	robyn.tanny@northwestern.edu_06_SEQ1679327A_010320G
S-10788_oECA306_D11_robyn.tanny@northwestern.edu_06_SEQ1679327A_010320G	27	6	robyn.tanny@northwestern.edu_06_SEQ1679327A_010320G
S-10780_oECA306_B11_robyn.tanny@northwestern.edu_06_SEQ1679327A_010320G	44	98	robyn.tanny@northwestern.edu_06_SEQ1679327A_010320G
S-10598_oECA306_H09_robyn.tanny@northwestern.edu_06_SEQ1679327A_010320G	28	8	robyn.tanny@northwestern.edu_06_SEQ1679327A_010320G
S-10310_oECA306_A08_robyn.tanny@northwestern.edu_06_SEQ1679327A_010320G	43	60	robyn.tanny@northwestern.edu_06_SEQ1679327A_010320G
S-10372_oECA306_D08_robyn.tanny@northwestern.edu_06_SEQ1679327A_010320G	29	6	robyn.tanny@northwestern.edu_06_SEQ1679327A_010320G
S-12334_oECA306_E07_robyn.tanny@northwestern.edu_06_SEQ1679327A_010320G	48	29	robyn.tanny@northwestern.edu_06_SEQ1679327A_010320G
S-12241_oECA306_E03_robyn.tanny@northwestern.edu_06_SEQ1679327A_010320G	44	174	robyn.tanny@northwestern.edu_06_SEQ1679327A_010320G
S-10546_oECA306_B09_robyn.tanny@northwestern.edu_06_SEQ1679327A_010320G	42	10	robyn.tanny@northwestern.edu_06_SEQ1679327A_010320G
S-12216_oECA306_F01_robyn.tanny@northwestern.edu_06_SEQ1679327A_010320G	27	64	robyn.tanny@northwestern.edu_06_SEQ1679327A_010320G
S-10731_oECA306_G10_robyn.tanny@northwestern.edu_06_SEQ1679327A_010320G	27	31	robyn.tanny@northwestern.edu_06_SEQ1679327A_010320G
S-12265_oECA306_A04_robyn.tanny@northwestern.edu_06_SEQ1679327A_010320G	31	32	robyn.tanny@northwestern.edu_06_SEQ1679327A_010320G
S-12317_oECA306_C06_robyn.tanny@northwestern.edu_06_SEQ1679327A_010320G	31	6	robyn.tanny@northwestern.edu_06_SEQ1679327A_010320G
S-12328_oECA306_G06_robyn.tanny@northwestern.edu_06_SEQ1679327A_010320G	19	163	robyn.tanny@northwestern.edu_06_SEQ1679327A_010320G
S-11155_oECA306_D12_robyn.tanny@northwestern.edu_06_SEQ1679327A_010320G	-	-	robyn.tanny@northwestern.edu_06_SEQ1679327A_010320G
S-12266_oECA306_B04_robyn.tanny@northwestern.edu_06_SEQ1679327A_010320G	26	208	robyn.tanny@northwestern.edu_06_SEQ1679327A_010320G
S-11247_oECA306_H12_robyn.tanny@northwestern.edu_06_SEQ1679327A_010320G	33	73	robyn.tanny@northwestern.edu_06_SEQ1679327A_010320G
S-12215_oECA306_E01_robyn.tanny@northwestern.edu_06_SEQ1679327A_010320G	25	28	robyn.tanny@northwestern.edu_06_SEQ1679327A_010320G
S-12289_oECA306_E05_robyn.tanny@northwestern.edu_06_SEQ1679327A_010320G	25	375	robyn.tanny@northwestern.edu_06_SEQ1679327A_010320G
S-12220_oECA306_A02_robyn.tanny@northwestern.edu_06_SEQ1679327A_010320G	35	14	robyn.tanny@northwestern.edu_06_SEQ1679327A_010320G
S-11161_oECA306_E12_robyn.tanny@northwestern.edu_06_SEQ1679327A_010320G	54	3	robyn.tanny@northwestern.edu_06_SEQ1679327A_010320G
S-12254_oECA306_F03_robyn.tanny@northwestern.edu_06_SEQ1679327A_010320G	50	23	robyn.tanny@northwestern.edu_06_SEQ1679327A_010320G
S-10606_oECA306_A10_robyn.tanny@northwestern.edu_06_SEQ1679327A_010320G	40	18	robyn.tanny@northwestern.edu_06_SEQ1679327A_010320G
S-12267_oECA306_C04_robyn.tanny@northwestern.edu_06_SEQ1679327A_010320G	32	5	robyn.tanny@northwestern.edu_06_SEQ1679327A_010320G
S-12228_oECA306_C02_robyn.tanny@northwestern.edu_06_SEQ1679327A_010320G	32	61	robyn.tanny@northwestern.edu_06_SEQ1679327A_010320G
S-12315_oECA306_A06_robyn.tanny@northwestern.edu_06_SEQ1679327A_010320G	25	33	robyn.tanny@northwestern.edu_06_SEQ1679327A_010320G
S-12288_oECA306_D05_robyn.tanny@northwestern.edu_06_SEQ1679327A_010320G	24	259	robyn.tanny@northwestern.edu_06_SEQ1679327A_010320G
S-12214_oECA306_D01_robyn.tanny@northwestern.edu_06_SEQ1679327A_010320G	40	18	robyn.tanny@northwestern.edu_06_SEQ1679327A_010320G
S-12237_oECA306_B03_robyn.tanny@northwestern.edu_06_SEQ1679327A_010320G	70	34	robyn.tanny@northwestern.edu_06_SEQ1679327A_010320G
S-10514_oECA306_G08_robyn.tanny@northwestern.edu_06_SEQ1679327A_010320G	44	5	robyn.tanny@northwestern.edu_06_SEQ1679327A_010320G
S-10518_oECA306_H08_robyn.tanny@northwestern.edu_06_SEQ1679327A_010320G	38	64	robyn.tanny@northwestern.edu_06_SEQ1679327A_010320G
S-10596_oECA306_G09_robyn.tanny@northwestern.edu_06_SEQ1679327A_010320G	46	50	robyn.tanny@northwestern.edu_06_SEQ1679327A_010320G
S-10336_oECA306_C08_robyn.tanny@northwestern.edu_06_SEQ1679327A_010320G	53	123	robyn.tanny@northwestern.edu_06_SEQ1679327A_010320G
S-12229_oECA306_D02_robyn.tanny@northwestern.edu_06_SEQ1679327A_010320G	21	27	robyn.tanny@northwestern.edu_06_SEQ1679327A_010320G
S-12270_oECA306_F04_robyn.tanny@northwestern.edu_06_SEQ1679327A_010320G	25	18	robyn.tanny@northwestern.edu_06_SEQ1679327A_010320G
S-12320_oECA306_E06_robyn.tanny@northwestern.edu_06_SEQ1679327A_010320G	40	5	robyn.tanny@northwestern.edu_06_SEQ1679327A_010320G
S-11198_oECA306_F12_robyn.tanny@northwestern.edu_06_SEQ1679327A_010320G	45	1	robyn.tanny@northwestern.edu_06_SEQ1679327A_010320G
S-12231_oECA306_F02_robyn.tanny@northwestern.edu_06_SEQ1679327A_010320G	26	27	robyn.tanny@northwestern.edu_06_SEQ1679327A_010320G
S-10555_oECA306_C09_robyn.tanny@northwestern.edu_06_SEQ1679327A_010320G	28	6	robyn.tanny@northwestern.edu_06_SEQ1679327A_010320G
S-12280_oECA306_G04_robyn.tanny@northwestern.edu_06_SEQ1679327A_010320G	27	6	robyn.tanny@northwestern.edu_06_SEQ1679327A_010320G
S-12330_oECA306_A07_robyn.tanny@northwestern.edu_06_SEQ1679327A_010320G	27	3	robyn.tanny@northwestern.edu_06_SEQ1679327A_010320G
S-12327_oECA306_F06_robyn.tanny@northwestern.edu_06_SEQ1679327A_010320G	44	18	robyn.tanny@northwestern.edu_06_SEQ1679327A_010320G
S-12258_oECA306_H03_robyn.tanny@northwestern.edu_06_SEQ1679327A_010320G	48	199	robyn.tanny@northwestern.edu_06_SEQ1679327A_010320G
S-12268_oECA306_D04_robyn.tanny@northwestern.edu_06_SEQ1679327A_010320G	44	23	robyn.tanny@northwestern.edu_06_SEQ1679327A_010320G
S-12287_oECA306_C05_robyn.tanny@northwestern.edu_06_SEQ1679327A_010320G	18	38	robyn.tanny@northwestern.edu_06_SEQ1679327A_010320G
S-10634_oECA306_B10_robyn.tanny@northwestern.edu_06_SEQ1679327A_010320G	56	11	robyn.tanny@northwestern.edu_06_SEQ1679327A_010320G
S-10496_oECA306_F08_robyn.tanny@northwestern.edu_06_SEQ1679327A_010320G	42	51	robyn.tanny@northwestern.edu_06_SEQ1679327A_010320G
S-12212_oECA306_B01_robyn.tanny@northwestern.edu_06_SEQ1679327A_010320G	18	72	robyn.tanny@northwestern.edu_06_SEQ1679327A_010320G
S-10331_oECA306_B08_robyn.tanny@northwestern.edu_06_SEQ1679327A_010320G	36	3	robyn.tanny@northwestern.edu_06_SEQ1679327A_010320G
S-10647_oECA306_C10_robyn.tanny@northwestern.edu_06_SEQ1679327A_010320G	32	17	robyn.tanny@northwestern.edu_06_SEQ1679327A_010320G
S-10744_oECA306_H10_robyn.tanny@northwestern.edu_06_SEQ1679327A_010320G	27	6	robyn.tanny@northwestern.edu_06_SEQ1679327A_010320G
S-12238_oECA306_C03_robyn.tanny@northwestern.edu_06_SEQ1679327A_010320G	37	5	robyn.tanny@northwestern.edu_06_SEQ1679327A_010320G
S-10577_oECA306_D09_robyn.tanny@northwestern.edu_06_SEQ1679327A_010320G	34	36	robyn.tanny@northwestern.edu_06_SEQ1679327A_010320G
S-10204_oECA306_H07_robyn.tanny@northwestern.edu_06_SEQ1679327A_010320G	90	51	robyn.tanny@northwestern.edu_06_SEQ1679327A_010320G
S-12331_oECA306_B07_robyn.tanny@northwestern.edu_06_SEQ1679327A_010320G	35	221	robyn.tanny@northwestern.edu_06_SEQ1679327A_010320G
S-12213_oECA306_C01_robyn.tanny@northwestern.edu_06_SEQ1679327A_010320G	33	1	robyn.tanny@northwestern.edu_06_SEQ1679327A_010320G
S-11245_oECA306_G12_robyn.tanny@northwestern.edu_06_SEQ1679327A_010320G	28	73	robyn.tanny@northwestern.edu_06_SEQ1679327A_010320G
S-12233_oECA306_H02_robyn.tanny@northwestern.edu_06_SEQ1679327A_010320G	77	5	robyn.tanny@northwestern.edu_06_SEQ1679327A_010320G
S-12230_oECA306_E02_robyn.tanny@northwestern.edu_06_SEQ1679327A_010320G	31	78	robyn.tanny@northwestern.edu_06_SEQ1679327A_010320G
S-10673_oECA306_D10_robyn.tanny@northwestern.edu_06_SEQ1679327A_010320G	29	12	robyn.tanny@northwestern.edu_06_SEQ1679327A_010320G
S-12297_oECA306_F05_robyn.tanny@northwestern.edu_06_SEQ1679327A_010320G	26	97	robyn.tanny@northwestern.edu_06_SEQ1679327A_010320G
S-12227_oECA306_B02_robyn.tanny@northwestern.edu_06_SEQ1679327A_010320G	37	57	robyn.tanny@northwestern.edu_06_SEQ1679327A_010320G
S-12218_oECA306_H01_robyn.tanny@northwestern.edu_06_SEQ1679327A_010320G	33	4	robyn.tanny@northwestern.edu_06_SEQ1679327A_010320G
S-12239_oECA306_D03_robyn.tanny@northwestern.edu_06_SEQ1679327A_010320G	33	6	robyn.tanny@northwestern.edu_06_SEQ1679327A_010320G
S-10997_oECA306_C12_robyn.tanny@northwestern.edu_06_SEQ1679327A_010320G	34	33	robyn.tanny@northwestern.edu_06_SEQ1679327A_010320G
S-12269_oECA306_E04_robyn.tanny@northwestern.edu_06_SEQ1679327A_010320G	48	5	robyn.tanny@northwestern.edu_06_SEQ1679327A_010320G
S-12286_oECA306_B05_robyn.tanny@northwestern.edu_06_SEQ1679327A_010320G	32	5	robyn.tanny@northwestern.edu_06_SEQ1679327A_010320G
S-11407_oECA306_F02_robyn.tanny@northwestern.edu_07_SEQ1679327A_010320H	17	255	robyn.tanny@northwestern.edu_07_SEQ1679327A_010320H
S-11716_oECA306_E03_robyn.tanny@northwestern.edu_07_SEQ1679327A_010320H	25	74	robyn.tanny@northwestern.edu_07_SEQ1679327A_010320H
S-11474_oECA306_G02_robyn.tanny@northwestern.edu_07_SEQ1679327A_010320H	21	271	robyn.tanny@northwestern.edu_07_SEQ1679327A_010320H
S-12389_oECA306_H04_robyn.tanny@northwestern.edu_07_SEQ1679327A_010320H	24	37	robyn.tanny@northwestern.edu_07_SEQ1679327A_010320H
S-12117_oECA306_G04_robyn.tanny@northwestern.edu_07_SEQ1679327A_010320H	27	143	robyn.tanny@northwestern.edu_07_SEQ1679327A_010320H
S-11273_oECA306_B01_robyn.tanny@northwestern.edu_07_SEQ1679327A_010320H	31	68	robyn.tanny@northwestern.edu_07_SEQ1679327A_010320H
S-11248_oECA306_A01_robyn.tanny@northwestern.edu_07_SEQ1679327A_010320H	22	122	robyn.tanny@northwestern.edu_07_SEQ1679327A_010320H
S-11385_oECA306_C02_robyn.tanny@northwestern.edu_07_SEQ1679327A_010320H	37	23	robyn.tanny@northwestern.edu_07_SEQ1679327A_010320H
S-11789_oECA306_H03_robyn.tanny@northwestern.edu_07_SEQ1679327A_010320H	35	274	robyn.tanny@northwestern.edu_07_SEQ1679327A_010320H
S-11990_oECA306_D04_robyn.tanny@northwestern.edu_07_SEQ1679327A_010320H	19	64	robyn.tanny@northwestern.edu_07_SEQ1679327A_010320H
S-12534_oECA306_D05_robyn.tanny@northwestern.edu_07_SEQ1679327A_010320H	100	73	robyn.tanny@northwestern.edu_07_SEQ1679327A_010320H
S-11346_oECA306_E01_robyn.tanny@northwestern.edu_07_SEQ1679327A_010320H	35	95	robyn.tanny@northwestern.edu_07_SEQ1679327A_010320H
S-11340_oECA306_D01_robyn.tanny@northwestern.edu_07_SEQ1679327A_010320H	27	256	robyn.tanny@northwestern.edu_07_SEQ1679327A_010320H
S-11395_oECA306_E02_robyn.tanny@northwestern.edu_07_SEQ1679327A_010320H	35	134	robyn.tanny@northwestern.edu_07_SEQ1679327A_010320H
S-11361_oECA306_H01_robyn.tanny@northwestern.edu_07_SEQ1679327A_010320H	28	46	robyn.tanny@northwestern.edu_07_SEQ1679327A_010320H
S-11363_oECA306_B02_robyn.tanny@northwestern.edu_07_SEQ1679327A_010320H	15	78	robyn.tanny@northwestern.edu_07_SEQ1679327A_010320H
S-11348_oECA306_F01_robyn.tanny@northwestern.edu_07_SEQ1679327A_010320H	33	190	robyn.tanny@northwestern.edu_07_SEQ1679327A_010320H
S-11706_oECA306_C03_robyn.tanny@northwestern.edu_07_SEQ1679327A_010320H	24	360	robyn.tanny@northwestern.edu_07_SEQ1679327A_010320H
S-11394_oECA306_D02_robyn.tanny@northwestern.edu_07_SEQ1679327A_010320H	31	97	robyn.tanny@northwestern.edu_07_SEQ1679327A_010320H
S-12559_oECA306_G05_robyn.tanny@northwestern.edu_07_SEQ1679327A_010320H	34	139	robyn.tanny@northwestern.edu_07_SEQ1679327A_010320H
S-11693_oECA306_B03_robyn.tanny@northwestern.edu_07_SEQ1679327A_010320H	22	208	robyn.tanny@northwestern.edu_07_SEQ1679327A_010320H
S-11362_oECA306_A02_robyn.tanny@northwestern.edu_07_SEQ1679327A_010320H	30	257	robyn.tanny@northwestern.edu_07_SEQ1679327A_010320H
S-12549_oECA306_F05_robyn.tanny@northwestern.edu_07_SEQ1679327A_010320H	46	343	robyn.tanny@northwestern.edu_07_SEQ1679327A_010320H
S-11360_oECA306_G01_robyn.tanny@northwestern.edu_07_SEQ1679327A_010320H	30	26	robyn.tanny@northwestern.edu_07_SEQ1679327A_010320H
S-12527_oECA306_B05_robyn.tanny@northwestern.edu_07_SEQ1679327A_010320H	46	71	robyn.tanny@northwestern.edu_07_SEQ1679327A_010320H
S-11477_oECA306_A03_robyn.tanny@northwestern.edu_07_SEQ1679327A_010320H	33	193	robyn.tanny@northwestern.edu_07_SEQ1679327A_010320H
S-11787_oECA306_F03_robyn.tanny@northwestern.edu_07_SEQ1679327A_010320H	39	302	robyn.tanny@northwestern.edu_07_SEQ1679327A_010320H
S-11713_oECA306_D03_robyn.tanny@northwestern.edu_07_SEQ1679327A_010320H	42	108	robyn.tanny@northwestern.edu_07_SEQ1679327A_010320H
S-12112_oECA306_F04_robyn.tanny@northwestern.edu_07_SEQ1679327A_010320H	19	39	robyn.tanny@northwestern.edu_07_SEQ1679327A_010320H
S-12530_oECA306_C05_robyn.tanny@northwestern.edu_07_SEQ1679327A_010320H	44	150	robyn.tanny@northwestern.edu_07_SEQ1679327A_010320H
S-11475_oECA306_H02_robyn.tanny@northwestern.edu_07_SEQ1679327A_010320H	19	295	robyn.tanny@northwestern.edu_07_SEQ1679327A_010320H
S-12512_oECA306_E05_robyn.tanny@northwestern.edu_07_SEQ1679327A_010320H	43	162	robyn.tanny@northwestern.edu_07_SEQ1679327A_010320H
S-11314_oECA306_C01_robyn.tanny@northwestern.edu_07_SEQ1679327A_010320H	31	34	robyn.tanny@northwestern.edu_07_SEQ1679327A_010320H
S-11901_oECA306_C04_robyn.tanny@northwestern.edu_07_SEQ1679327A_010320H	32	91	robyn.tanny@northwestern.edu_07_SEQ1679327A_010320H
S-11894_oECA306_B04_robyn.tanny@northwestern.edu_07_SEQ1679327A_010320H	21	76	robyn.tanny@northwestern.edu_07_SEQ1679327A_010320H
S-11858_oECA306_A04_robyn.tanny@northwestern.edu_07_SEQ1679327A_010320H	25	21	robyn.tanny@northwestern.edu_07_SEQ1679327A_010320H
S-12452_oECA306_A05_robyn.tanny@northwestern.edu_07_SEQ1679327A_010320H	26	221	robyn.tanny@northwestern.edu_07_SEQ1679327A_010320H
S-11788_oECA306_G03_robyn.tanny@northwestern.edu_07_SEQ1679327A_010320H	40	178	robyn.tanny@northwestern.edu_07_SEQ1679327A_010320H
S-11197_oECA306_E04_robyn.tanny@northwestern.edu_07_SEQ1679327A_010320H	47	9	robyn.tanny@northwestern.edu_07_SEQ1679327A_010320H
